Q,A,label
가리비 구이의 칼로리는 몇이야?,(1개)당 - 칼로리: 17kcal | 지방: 0.50g | 탄수화물: 0.38g | 단백질: 2.63g,1
가리비의 칼로리는 몇이야?,(1개)당 - 칼로리: 35kcal | 지방: 1.75g | 탄수화물: 1.68g | 단백질: 2.90g,1
가쓰오부시의 칼로리는 몇이야?,(100g)  당 - 칼로리: 340kcal | 지방: 2.26g | 탄수화물: 2.34g | 단백질: 76.80g,1
가오리의 칼로리는 몇이야?,(100g)  당 - 칼로리: 84kcal | 지방: 0.88g | 탄수화물: 0.17g | 단백질: 17.60g,1
가자미/넙치 요리의 칼로리는 몇이야?,(100g)  당 - 칼로리: 133kcal | 지방: 4.24g | 탄수화물: 0.41g | 단백질: 22.00g,1
가자미구이의 칼로리는 몇이야?,(100g)  당 - 칼로리: 118kcal | 지방: 2.17g | 탄수화물: 0.10g | 단백질: 23.15g,1
가자미의 칼로리는 몇이야?,(100g)당 - 칼로리: 129kcal | 지방: 3.70g | 탄수화물: 0.30g | 단백질: 22.10g,1
가자미조림의 칼로리는 몇이야?,(1인분)당 - 칼로리: 218kcal | 지방: 5.44g | 탄수화물: 11.47g | 단백질: 28.25g,1
가자미튀김의 칼로리는 몇이야?,(1토막)당 - 칼로리: 175kcal | 지방: 7.39g | 탄수화물: 8.96g | 단백질: 17.09g,1
가지나물의 칼로리는 몇이야?,(1인분)당 - 칼로리: 71kcal | 지방: 2.95g | 탄수화물: 11.02g | 단백질: 2.97g,1
가츠동의 칼로리는 몇이야?,(1인분)당 - 칼로리: 650kcal | 지방: 33.55g | 탄수화물: 45.03g | 단백질: 38.82g,1
간고등어의 칼로리는 몇이야?,(100g)당 - 칼로리: 246kcal | 지방: 13.00g | 탄수화물: 1.00g | 단백질: 19.20g,1
간장게장의 칼로리는 몇이야?,(1마리)당 - 칼로리: 167kcal | 지방: 3.02g | 탄수화물: 8.18g | 단백질: 26.88g,1
갈라 사과의 칼로리는 몇이야?,(1개) 중간크기당 - 칼로리: 71kcal | 지방: 0.24g | 탄수화물: 19.06g | 단백질: 0.36g,1
갈레뜨 와플의 칼로리는 몇이야?,6조각 (29g)당 - 칼로리: 142kcal | 지방: 6.00g | 탄수화물: 20.00g | 단백질: 2.00g,1
갈배사이다의 칼로리는 몇이야?,(1인분)  (500ml)당 - 칼로리: 236kcal | 지방: 0.00g | 탄수화물: 59.00g | 단백질: 0.00g,1
갈비만두의 칼로리는 몇이야?,(1개)당 - 칼로리: 79kcal | 지방: 3.86g | 탄수화물: 6.76g | 단백질: 4.01g,1
갈아만든 배의 칼로리는 몇이야?,100ml당 - 칼로리: 48kcal | 지방: 0.00g | 탄수화물: 12.00g | 단백질: 0.00g,1
갈치구이의 칼로리는 몇이야?,(1토막)당 - 칼로리: 102kcal | 지방: 4.84g | 탄수화물: 0.11g | 단백질: 13.72g,1
갈치의 칼로리는 몇이야?,(100g)  당 - 칼로리: 143kcal | 지방: 7.01g | 탄수화물: 0g | 단백질: 18.73g,1
갈치조림의 칼로리는 몇이야?,(1토막)당 - 칼로리: 134kcal | 지방: 5.28g | 탄수화물: 4.92g | 단백질: 15.52g,1
감귤의 칼로리는 몇이야?,(1개) 작은것당 - 칼로리: 37kcal | 지방: 0.22g | 탄수화물: 9.34g | 단백질: 0.57g,1
감말랭이의 칼로리는 몇이야?,(100g)  당 - 칼로리: 174kcal | 지방: 0.40g | 탄수화물: 46.43g | 단백질: 0.99g,1
감의 칼로리는 몇이야?,(1감)당 - 칼로리: 118kcal | 지방: 0.32g | 탄수화물: 31.23g | 단백질: 0.97g,1
감자전의 칼로리는 몇이야?,1 소접시당 - 칼로리: 140kcal | 지방: 8.18g | 탄수화물: 15.03g | 단백질: 1.92g,1
갑오징어의 칼로리는 몇이야?,(100g)  당 - 칼로리: 70kcal | 지방: 0.69g | 탄수화물: 0.65g | 단백질: 14.37g,1
거봉의 칼로리는 몇이야?,1 송이당 - 칼로리: 224kcal | 지방: 0.52g | 탄수화물: 58.86g | 단백질: 2.34g,1
건강한 참치 저나트륨의 칼로리는 몇이야?,(100g)당 - 칼로리: 200kcal | 지방: 15.00g | 탄수화물: 0.00g | 단백질: 17.00g,1
건강한컵 리프레쉬의 칼로리는 몇이야?,1회 (150g)당 - 칼로리: 75kcal | 지방: 0.10g | 탄수화물: 18.00g | 단백질: 1.00g,1
건새우볶음의 칼로리는 몇이야?,(100g)  당 - 칼로리: 133kcal | 지방: 3.15g | 탄수화물: 1.98g | 단백질: 23.26g,1
건자두의 칼로리는 몇이야?,4개 (40g)당 - 칼로리: 116kcal | 지방: 0.00g | 탄수화물: 26.00g | 단백질: 1.00g,1
건포도의 칼로리는 몇이야?,1 미니어처 상자당 - 칼로리: 42kcal | 지방: 0.06g | 탄수화물: 11.09g | 단백질: 0.43g,1
검은콩두유의 칼로리는 몇이야?,1회 (200ml)당 - 칼로리: 140kcal | 지방: 6.00g | 탄수화물: 14.00g | 단백질: 7.00g,1
게맛살의 칼로리는 몇이야?,(1개)당 - 칼로리: 106kcal | 지방: 5.03g | 탄수화물: 0.42g | 단백질: 14.00g,1
게장의 칼로리는 몇이야?,(1인분)당 - 칼로리: 209kcal | 지방: 3.47g | 탄수화물: 8.58g | 단백질: 34.34g,1
게토레이 블루볼트의 칼로리는 몇이야?,(1컵) (600ml)당 - 칼로리: 140kcal | 지방: 0.00g | 탄수화물: 35.00g | 단백질: 0.00g,1
게토레이 화이트 스플래시의 칼로리는 몇이야?,(1컵) (200ml)당 - 칼로리: 50kcal | 지방: 0.00g | 탄수화물: 12.00g | 단백질: 0.00g,1
계란빵의 칼로리는 몇이야?,(1개)당 - 칼로리: 126kcal | 지방: 6.32g | 탄수화물: 10.66g | 단백질: 6.16g,1
고구마피자의 칼로리는 몇이야?,2조각 (196g)당 - 칼로리: 520kcal | 지방: 11.00g | 탄수화물: 89.00g | 단백질: 17.00g,1
고기만두의 칼로리는 몇이야?,(1개)당 - 칼로리: 68kcal | 지방: 2.97g | 탄수화물: 6.82g | 단백질: 3.20g,1
고등어구이의 칼로리는 몇이야?,(1인분)당 - 칼로리: 379kcal | 지방: 25.19g | 탄수화물: 0.70g | 단백질: 35.18g,1
고등어김치의 칼로리는 몇이야?,(1인분)당 - 칼로리: 144kcal | 지방: 5.81g | 탄수화물: 8.76g | 단백질: 14.95g,1
고등어시래기조림의 칼로리는 몇이야?,(1인분)  (160g)당 - 칼로리: 300kcal | 지방: 18.00g | 탄수화물: 16.00g | 단백질: 18.00g,1
고등어의 칼로리는 몇이야?,(100g)  당 - 칼로리: 167kcal | 지방: 9.36g | 탄수화물: 0g | 단백질: 19.32g,1
고등어조림의 칼로리는 몇이야?,(1인분)당 - 칼로리: 214kcal | 지방: 12.55g | 탄수화물: 6.19g | 단백질: 19.00g,1
고마워 감귤씨C의 칼로리는 몇이야?,(1인분)  (135ml)당 - 칼로리: 70kcal | 지방: 0.00g | 탄수화물: 16.00g | 단백질: 1.00g,1
고추전의 칼로리는 몇이야?,(1개)당 - 칼로리: 44kcal | 지방: 1.57g | 탄수화물: 6.44g | 단백질: 1.54g,1
골드 100 오렌지의 칼로리는 몇이야?,1회 (200ml)당 - 칼로리: 105kcal | 지방: 0.00g | 탄수화물: 25.00g | 단백질: 1.00g,1
골드망고의 칼로리는 몇이야?,(1인분)  (180ml)당 - 칼로리: 90kcal | 지방: 0.00g | 탄수화물: 23.00g | 단백질: 0.00g,1
골드키위주스의 칼로리는 몇이야?,1병 (190g)당 - 칼로리: 115kcal | 지방: 0.00g | 탄수화물: 28.00g | 단백질: 2.00g,1
골든 건포도의 칼로리는 몇이야?,(100g)  당 - 칼로리: 302kcal | 지방: 0.46g | 탄수화물: 79.52g | 단백질: 3.39g,1
골든 딜리셔스 애플의 칼로리는 몇이야?,(1개) 중간크기당 - 칼로리: 72kcal | 지방: 0.23g | 탄수화물: 19.06g | 단백질: 0.36g,1
골뱅이무침의 칼로리는 몇이야?,(1인분)당 - 칼로리: 293kcal | 지방: 4.46g | 탄수화물: 34.68g | 단백질: 29.85g,1
골뱅이의 칼로리는 몇이야?,(100g)당 - 칼로리: 65kcal | 지방: 0.90g | 탄수화물: 4.00g | 단백질: 10.00g,1
곱사송어의 칼로리는 몇이야?,1/2 마리당 - 칼로리: 184kcal | 지방: 5.49g | 탄수화물: 0.00g | 단백질: 31.70g,1
곶감의 칼로리는 몇이야?,(1개)당 - 칼로리: 93kcal | 지방: 0.20g | 탄수화물: 24.97g | 단백질: 0.47g,1
과메기의 칼로리는 몇이야?,(100g)  당 - 칼로리: 177kcal | 지방: 9.95g | 탄수화물: 0g | 단백질: 20.25g,1
과일 와플의 칼로리는 몇이야?,1 조각 원형 (지름 10 cm)(냉동 포함)당 - 칼로리: 108kcal | 지방: 3.21g | 탄수화물: 17.47g | 단백질: 2.50g,1
과일 요구르트의 칼로리는 몇이야?,(1컵)당 - 칼로리: 243kcal | 지방: 2.82g | 탄수화물: 45.67g | 단백질: 9.75g,1
과일 치즈케이크의 칼로리는 몇이야?,1 조각당 - 칼로리: 388kcal | 지방: 19.10g | 탄수화물: 46.72g | 단백질: 8.88g,1
과일 캐슈넛 범벅 샐러드의 칼로리는 몇이야?,(1인분)  (304g)당 - 칼로리: 455kcal | 지방: 30.00g | 탄수화물: 34.00g | 단백질: 15.00g,1
과일사이다 파인애플의 칼로리는 몇이야?,(1인분)  (380ml)당 - 칼로리: 192kcal | 지방: 0.00g | 탄수화물: 48.00g | 단백질: 0.00g,1
과일사이다의 칼로리는 몇이야?,(1인분)  (380ml)당 - 칼로리: 184kcal | 지방: 0.00g | 탄수화물: 46.00g | 단백질: 0.00g,1
과일샐러드의 칼로리는 몇이야?,(100g)  당 - 칼로리: 57kcal | 지방: 0.86g | 탄수화물: 13.16g | 단백질: 0.67g,1
과일야채샐러드 녹황의 칼로리는 몇이야?,1개 (190ml)당 - 칼로리: 75kcal | 지방: 0.00g | 탄수화물: 19.00g | 단백질: 0.00g,1
과일야채샐러드 레드의 칼로리는 몇이야?,1회 (200ml)당 - 칼로리: 71kcal | 지방: 0.00g | 탄수화물: 18.00g | 단백질: 0.00g,1
과일야채샐러드 주스의 칼로리는 몇이야?,1회 (190ml)당 - 칼로리: 84kcal | 지방: 0.00g | 탄수화물: 21.00g | 단백질: 0.00g,1
관자의 칼로리는 몇이야?,(100g)  당 - 칼로리: 106kcal | 지방: 1.20g | 탄수화물: 2.16g | 단백질: 20.08g,1
광어의 칼로리는 몇이야?,(100g)  당 - 칼로리: 103kcal | 지방: 1.72g | 탄수화물: 0g | 단백질: 20.44g,1
광어회의 칼로리는 몇이야?,(1개)당 - 칼로리: 31kcal | 지방: 0.65g | 탄수화물: 0.00g | 단백질: 5.90g,1
교촌허니스파클링의 칼로리는 몇이야?,(1인분)  (250ml)당 - 칼로리: 75kcal | 지방: 0.00g | 탄수화물: 19.00g | 단백질: 0.00g,1
구운 사과의 칼로리는 몇이야?,(1개)당 - 칼로리: 162kcal | 지방: 0.27g | 탄수화물: 42.42g | 단백질: 0.43g,1
구운어묵의 칼로리는 몇이야?,(100g)당 - 칼로리: 150kcal | 지방: 1.10g | 탄수화물: 23.00g | 단백질: 12.00g,1
국수전골의 칼로리는 몇이야?,(1인분)당 - 칼로리: 458kcal | 지방: 17.56g | 탄수화물: 74.66g | 단백질: 7.34g,1
군산식 일품 아귀찜의 칼로리는 몇이야?,(1인분)  (1245g)당 - 칼로리: 642kcal | 지방: 7.00g | 탄수화물: 48.00g | 단백질: 95.00g,1
굴비구이의 칼로리는 몇이야?,(1마리)당 - 칼로리: 121kcal | 지방: 7.44g | 탄수화물: 0.17g | 단백질: 12.37g,1
굴비의 칼로리는 몇이야?,(1마리)당 - 칼로리: 71kcal | 지방: 1.81g | 탄수화물: 0g | 단백질: 12.95g,1
굴의 칼로리는 몇이야?,1 태평양산당 - 칼로리: 33kcal | 지방: 1.18g | 탄수화물: 1.88g | 단백질: 3.38g,1
규돈의 칼로리는 몇이야?,(1인분)당 - 칼로리: 699kcal | 지방: 21.64g | 탄수화물: 96.81g | 단백질: 25.68g,1
귤의 칼로리는 몇이야?,(1개)당 - 칼로리: 35kcal | 지방: 0.11g | 탄수화물: 8.89g | 단백질: 0.63g,1
그레이프그린의 칼로리는 몇이야?,(1인분)  (350ml)당 - 칼로리: 30kcal | 지방: 0.50g | 탄수화물: 3.00g | 단백질: 0.00g,1
그레이프맛의 칼로리는 몇이야?,(1캔)(355ml)당 - 칼로리: 192kcal | 지방: 0.00g | 탄수화물: 48.00g | 단백질: 0.00g,1
그린&페퍼 닭가슴살의 칼로리는 몇이야?,(1인분)  (110g)당 - 칼로리: 121kcal | 지방: 0.91g | 탄수화물: 0.61g | 단백질: 27.50g,1
그린애플 포도쥬얼리 크러쉬의 칼로리는 몇이야?,(1인분)  (454ml)당 - 칼로리: 311kcal | 지방: 2.60g | 탄수화물: 48.30g | 단백질: 0.50g,1
그린티 위드 진생 앤 허니의 칼로리는 몇이야?,(1인분)  (240ml)당 - 칼로리: 70kcal | 지방: 0.00g | 탄수화물: 18.00g | 단백질: 0.00g,1
금귤의 칼로리는 몇이야?,(1개)당 - 칼로리: 13kcal | 지방: 0.16g | 탄수화물: 3.02g | 단백질: 0.36g,1
기네스 와퍼의 칼로리는 몇이야?,(1인분)  (293g)당 - 칼로리: 778kcal | 지방: 14.30g | 탄수화물: 11.90g | 단백질: 36.00g,1
기름보관된 정어리의 칼로리는 몇이야?,1 캔당 - 칼로리: 191kcal | 지방: 10.53g | 탄수화물: 0.00g | 단백질: 22.65g,1
긴페스츄리 와플의 칼로리는 몇이야?,(1인분)  (60g)당 - 칼로리: 236kcal | 지방: 12.00g | 탄수화물: 28.00g | 단백질: 4.00g,1
김말이의 칼로리는 몇이야?,(1개)당 - 칼로리: 65kcal | 지방: 1.87g | 탄수화물: 11.11g | 단백질: 0.70g,1
김치비빔국수의 칼로리는 몇이야?,(1인분)당 - 칼로리: 213kcal | 지방: 3.20g | 탄수화물: 38.40g | 단백질: 7.06g,1
김치전의 칼로리는 몇이야?,1 소접시당 - 칼로리: 153kcal | 지방: 6.71g | 탄수화물: 17.22g | 단백질: 6.32g,1
김치찌개의 칼로리는 몇이야?,(1인분)당 - 칼로리: 121kcal | 지방: 7.57g | 탄수화물: 6.47g | 단백질: 7.51g,1
까르보네피자의 칼로리는 몇이야?,2조각 (184g)당 - 칼로리: 480kcal | 지방: 7.00g | 탄수화물: 81.00g | 단백질: 22.00g,1
깍두기의 칼로리는 몇이야?,1 소접시당 - 칼로리: 16kcal | 지방: 0.29g | 탄수화물: 3.21g | 단백질: 0.62g,1
깐쇼새우피자의 칼로리는 몇이야?,1조각 (108g)당 - 칼로리: 325kcal | 지방: 9.00g | 탄수화물: 46.00g | 단백질: 15.00g,1
깔라만시 스파클링의 칼로리는 몇이야?,1개 (350g)당 - 칼로리: 170kcal | 지방: 0.00g | 탄수화물: 43.00g | 단백질: 0.00g,1
깔라만시레몬워터의 칼로리는 몇이야?,410ml당 - 칼로리: 84kcal | 지방: 0.00g | 탄수화물: 10.00g | 단백질: 0.00g,1
깔라만시의 칼로리는 몇이야?,(100g)당 - 칼로리: 30kcal | 지방: 0.00g | 탄수화물: 7.00g | 단백질: 0.00g,1
깨수깡의 칼로리는 몇이야?,(1인분)  (160ml)당 - 칼로리: 85kcal | 지방: 0.00g | 탄수화물: 21.00g | 단백질: 0.00g,1
꼬막의 칼로리는 몇이야?,(1개) 작은것당 - 칼로리: 7kcal | 지방: 0.10g | 탄수화물: 0.25g | 단백질: 1.25g,1
꼬치 어묵의 칼로리는 몇이야?,1개 (85g)당 - 칼로리: 85kcal | 지방: 0.60g | 탄수화물: 13.00g | 단백질: 6.00g,1
꼼장어의 칼로리는 몇이야?,(1인분)당 - 칼로리: 101kcal | 지방: 6.38g | 탄수화물: 0g | 단백질: 10.20g,1
꽁치 통조림의 칼로리는 몇이야?,(100g)당 - 칼로리: 185kcal | 지방: 15.00g | 탄수화물: 0.00g | 단백질: 11.00g,1
꽁치구이의 칼로리는 몇이야?,(1토막)당 - 칼로리: 180kcal | 지방: 13.45g | 탄수화물: 0.51g | 단백질: 14.15g,1
꽁치의 칼로리는 몇이야?,(1마리)당 - 칼로리: 236kcal | 지방: 17.55g | 탄수화물: 0g | 단백질: 18.35g,1
꽁치조림의 칼로리는 몇이야?,(1토막)당 - 칼로리: 195kcal | 지방: 12.68g | 탄수화물: 6.22g | 단백질: 14.34g,1
꽃게찜의 칼로리는 몇이야?,(1마리)당 - 칼로리: 219kcal | 지방: 10.18g | 탄수화물: 9.27g | 단백질: 22.38g,1
꿀먹은초록매실의 칼로리는 몇이야?,(1인분)  (180ml)당 - 칼로리: 120kcal | 지방: 0.00g | 탄수화물: 30.00g | 단백질: 0.00g,1
꿀물의 칼로리는 몇이야?,1병 (180ml)당 - 칼로리: 84kcal | 지방: 0.00g | 탄수화물: 21.00g | 단백질: 0.00g,1
꿀홍삼 (230ml)의 칼로리는 몇이야?,1병 (230ml)당 - 칼로리: 175kcal | 지방: 0.00g | 탄수화물: 44.00g | 단백질: 0.00g,1
나랑드 사이다 제로의 칼로리는 몇이야?,(1인분)  (245ml)당 - 칼로리: 0kcal | 지방: 0.00g | 탄수화물: 0.00g | 단백질: 0.00g,1
나폴리피자의 칼로리는 몇이야?,1조각 (95g)당 - 칼로리: 205kcal | 지방: 9.00g | 탄수화물: 30.00g | 단백질: 11.00g,1
낙지볶음의 칼로리는 몇이야?,(1인분)당 - 칼로리: 555kcal | 지방: 22.89g | 탄수화물: 30.08g | 단백질: 57.24g,1
낙지의 칼로리는 몇이야?,(100g)  당 - 칼로리: 54kcal | 지방: 0.68g | 탄수화물: 1.44g | 단백질: 9.75g,1
낙지전골의 칼로리는 몇이야?,(1인분)당 - 칼로리: 416kcal | 지방: 19.46g | 탄수화물: 32.92g | 단백질: 34.21g,1
낙지젓갈의 칼로리는 몇이야?,1 종지당 - 칼로리: 15kcal | 지방: 0.34g | 탄수화물: 1.73g | 단백질: 1.16g,1
낙지호롱의 칼로리는 몇이야?,(1개)당 - 칼로리: 142kcal | 지방: 6.10g | 탄수화물: 9.84g | 단백질: 13.86g,1
날치알의 칼로리는 몇이야?,(100g)  당 - 칼로리: 96kcal | 지방: 4.82g | 탄수화물: 1.65g | 단백질: 12.79g,1
남해안 큰꼬막의 칼로리는 몇이야?,(100g)당 - 칼로리: 70kcal | 지방: 0.00g | 탄수화물: 9.00g | 단백질: 8.00g,1
냉동 딸기의 칼로리는 몇이야?,(1컵)당 - 칼로리: 222kcal | 지방: 0.36g | 탄수화물: 59.82g | 단백질: 1.33g,1
냉동 블랙베리의 칼로리는 몇이야?,(1컵)당 - 칼로리: 97kcal | 지방: 0.65g | 탄수화물: 23.66g | 단백질: 1.78g,1
냉동 블루베리의 칼로리는 몇이야?,(1컵)당 - 칼로리: 79kcal | 지방: 0.99g | 탄수화물: 18.86g | 단백질: 0.65g,1
냉동 산딸기의 칼로리는 몇이야?,(1컵)당 - 칼로리: 258kcal | 지방: 0.40g | 탄수화물: 65.40g | 단백질: 1.75g,1
냉동딸기와 설탕의 칼로리는 몇이야?,(1컵)당 - 칼로리: 222kcal | 지방: 0.36g | 탄수화물: 59.82g | 단백질: 1.33g,1
냉동망고의 칼로리는 몇이야?,(100g)  당 - 칼로리: 61kcal | 지방: 0.25g | 탄수화물: 15.89g | 단백질: 0.48g,1
냉동블루베리의 칼로리는 몇이야?,(100g)당 - 칼로리: 75kcal | 지방: 1.00g | 탄수화물: 14.50g | 단백질: 0.70g,1
냉동홍연어의 칼로리는 몇이야?,(1인분)  (170g)당 - 칼로리: 290kcal | 지방: 15.00g | 탄수화물: 0.00g | 단백질: 36.00g,1
넙치 반죽튀김의 칼로리는 몇이야?,1 쪽 필렛당 - 칼로리: 318kcal | 지방: 17.98g | 탄수화물: 10.40g | 단백질: 27.34g,1
넙치구이의 칼로리는 몇이야?,1 쪽 필렛당 - 칼로리: 173kcal | 지방: 5.51g | 탄수화물: 0.53g | 단백질: 28.60g,1
네버스탑의 칼로리는 몇이야?,(1인분)  (240ml)당 - 칼로리: 66kcal | 지방: 0.00g | 탄수화물: 16.00g | 단백질: 0.00g,1
네이블 오렌지의 칼로리는 몇이야?,(1개)당 - 칼로리: 69kcal | 지방: 0.21g | 탄수화물: 17.56g | 단백질: 1.27g,1
노가리의 칼로리는 몇이야?,(100g)  당 - 칼로리: 348kcal | 지방: 3.67g | 탄수화물: 0g | 단백질: 78.40g,1
노르망디 애플타르트의 칼로리는 몇이야?,1회 (69g)당 - 칼로리: 190kcal | 지방: 10.00g | 탄수화물: 23.00g | 단백질: 2.00g,1
녹차두유의 칼로리는 몇이야?,1회 (175ml)당 - 칼로리: 130kcal | 지방: 4.50g | 탄수화물: 19.00g | 단백질: 4.00g,1
농어의 칼로리는 몇이야?,1 쪽 필렛당 - 칼로리: 152kcal | 지방: 5.99g | 탄수화물: 0.50g | 단백질: 22.82g,1
농축토마토의 칼로리는 몇이야?,(100g)당 - 칼로리: 65kcal | 지방: 0.80g | 탄수화물: 12.00g | 단백질: 3.00g,1
눈꽃소다의 칼로리는 몇이야?,1회 (350ml)당 - 칼로리: 160kcal | 지방: 0.00g | 탄수화물: 39.00g | 단백질: 1.00g,1
다이스 황도 인 주스의 칼로리는 몇이야?,1용기 (113g)당 - 칼로리: 80kcal | 지방: 0.00g | 탄수화물: 18.00g | 단백질: 0.00g,1
다이어트 소다의 칼로리는 몇이야?,1 캔당 - 칼로리: 4kcal | 지방: 0.07g | 탄수화물: 0.84g | 단백질: 0.39g,1
다타키의 칼로리는 몇이야?,(100g)  당 - 칼로리: 84kcal | 지방: 0.36g | 탄수화물: 3.60g | 단백질: 15.10g,1
단감의 칼로리는 몇이야?,(1개)당 - 칼로리: 70kcal | 지방: 0.22g | 탄수화물: 18.48g | 단백질: 0.44g,1
단호박 식혜의 칼로리는 몇이야?,(1인분)  (238ml)당 - 칼로리: 146kcal | 지방: 0.00g | 탄수화물: 36.00g | 단백질: 1.00g,1
단호박죽의 칼로리는 몇이야?,1팩 (130g)당 - 칼로리: 95kcal | 지방: 0.00g | 탄수화물: 20.00g | 단백질: 4.00g,1
달콤한 체리의 칼로리는 몇이야?,(1개)당 - 칼로리: 4kcal | 지방: 0.01g | 탄수화물: 1.09g | 단백질: 0.07g,1
달팽이의 칼로리는 몇이야?,(1마리)당 - 칼로리: 7kcal | 지방: 0.24g | 탄수화물: 0.12g | 단백질: 0.98g,1
닭가슴살 후랑크 꼬치 페퍼의 칼로리는 몇이야?,1개 (70g)당 - 칼로리: 129kcal | 지방: 8.00g | 탄수화물: 2.00g | 단백질: 12.00g,1
닭가슴살의 칼로리는 몇이야?,(100g)  당 - 칼로리: 141kcal | 지방: 1.45g | 탄수화물: 2.05g | 단백질: 30.85g,1
닭안심살피자의 칼로리는 몇이야?,1조각 (110g)당 - 칼로리: 420kcal | 지방: 9.00g | 탄수화물: 71.00g | 단백질: 14.00g,1
대게의 칼로리는 몇이야?,(100g)  당 - 칼로리: 70kcal | 지방: 0.86g | 탄수화물: 0.03g | 단백질: 14.45g,1
대구구이의 칼로리는 몇이야?,(100g)  당 - 칼로리: 122kcal | 지방: 3.59g | 탄수화물: 0.41g | 단백질: 20.91g,1
대구의 칼로리는 몇이야?,(100g)  당 - 칼로리: 211kcal | 지방: 10.84g | 탄수화물: 8.25g | 단백질: 19.20g,1
대서양 고등어의 칼로리는 몇이야?,(1마리)당 - 칼로리: 230kcal | 지방: 15.56g | 탄수화물: 0.00g | 단백질: 20.83g,1
대서양 대구의 칼로리는 몇이야?,(1마리)당 - 칼로리: 189kcal | 지방: 1.55g | 탄수화물: 0.00g | 단백질: 41.14g,1
대서양과 태평양 넙치의 칼로리는 몇이야?,(100g)  당 - 칼로리: 110kcal | 지방: 2.29g | 탄수화물: 0.0g | 단백질: 20.81g,1
대추의 칼로리는 몇이야?,1 알당 - 칼로리: 23kcal | 지방: 0.03g | 탄수화물: 6.23g | 단백질: 0.20g,1
더 건강한 크랩의 칼로리는 몇이야?,1팩 8개 (150g)당 - 칼로리: 155kcal | 지방: 2.40g | 탄수화물: 15.00g | 단백질: 18.00g,1
더 건강한 페퍼&갈릭의 칼로리는 몇이야?,(100g)당 - 칼로리: 330kcal | 지방: 29.00g | 탄수화물: 3.00g | 단백질: 14.00g,1
더블갈릭바베큐의 칼로리는 몇이야?,2조각 (165g)당 - 칼로리: 447kcal | 지방: 6.00g | 탄수화물: 60.00g | 단백질: 20.00g,1
더킹 쉬림프 크림치즈의 칼로리는 몇이야?,(100g)당 - 칼로리: 90kcal | 지방: 1.80g | 탄수화물: 10.00g | 단백질: 8.00g,1
데미소다 레몬의 칼로리는 몇이야?,(1캔)(250ml)당 - 칼로리: 95kcal | 지방: 0.00g | 탄수화물: 24.00g | 단백질: 0.00g,1
데미소다 복숭아의 칼로리는 몇이야?,(1캔)(250ml)당 - 칼로리: 120kcal | 지방: 0.00g | 탄수화물: 30.00g | 단백질: 0.00g,1
데미소다 청포도의 칼로리는 몇이야?,(1인분)  (250ml)당 - 칼로리: 85kcal | 지방: 0.00g | 탄수화물: 21.00g | 단백질: 0.00g,1
데일리씨 망고400의 칼로리는 몇이야?,1병 (140ml)당 - 칼로리: 64kcal | 지방: 0.00g | 탄수화물: 16.00g | 단백질: 0.00g,1
델리황 매운맛 (20g)의 칼로리는 몇이야?,1봉지 (20g)당 - 칼로리: 75kcal | 지방: 0.70g | 탄수화물: 7.00g | 단백질: 10.00g,1
도다리의 칼로리는 몇이야?,(100g)  당 - 칼로리: 115kcal | 지방: 2.80g | 탄수화물: 0g | 단백질: 21.08g,1
도루묵의 칼로리는 몇이야?,(100g)  당 - 칼로리: 109kcal | 지방: 5.44g | 탄수화물: 0g | 단백질: 14.13g,1
도미의 칼로리는 몇이야?,(1마리)당 - 칼로리: 218kcal | 지방: 2.92g | 탄수화물: 0.00g | 단백질: 44.71g,1
도이치바이트피자의 칼로리는 몇이야?,2조각 (188g)당 - 칼로리: 485kcal | 지방: 24.00g | 탄수화물: 63.00g | 단백질: 23.00g,1
도토리묵의 칼로리는 몇이야?,(100g)  당 - 칼로리: 44kcal | 지방: 0.20g | 탄수화물: 10.00g | 단백질: 0.20g,1
돈까스김밥의 칼로리는 몇이야?,1 줄당 - 칼로리: 526kcal | 지방: 9.73g | 탄수화물: 91.34g | 단백질: 14.73g,1
돈부리의 칼로리는 몇이야?,(1인분)당 - 칼로리: 655kcal | 지방: 15.61g | 탄수화물: 95.87g | 단백질: 29.03g,1
돈부의 칼로리는 몇이야?,1/9봉지 (30g)당 - 칼로리: 118kcal | 지방: 1.80g | 탄수화물: 23.00g | 단백질: 3.00g,1
돌 망고 컵의 칼로리는 몇이야?,(1인분)  (198g)당 - 칼로리: 145kcal | 지방: 0.40g | 탄수화물: 34.00g | 단백질: 1.00g,1
돌김 자반볶음의 칼로리는 몇이야?,1회 (65g)당 - 칼로리: 565kcal | 지방: 40.16g | 탄수화물: 30.62g | 단백질: 20.30g,1
돌아온 와클의 칼로리는 몇이야?,(1인분)  (76g)당 - 칼로리: 377kcal | 지방: 17.00g | 탄수화물: 51.00g | 단백질: 5.00g,1
동그랑땡의 칼로리는 몇이야?,(1개)당 - 칼로리: 30kcal | 지방: 2.11g | 탄수화물: 0.93g | 단백질: 1.72g,1
동원알래스카연어통살의 칼로리는 몇이야?,(100g)당 - 칼로리: 135kcal | 지방: 9.00g | 탄수화물: 1.00g | 단백질: 13.00g,1
동태국의 칼로리는 몇이야?,(1인분)당 - 칼로리: 219kcal | 지방: 5.23g | 탄수화물: 17.54g | 단백질: 25.97g,1
동태의 칼로리는 몇이야?,(100g)  당 - 칼로리: 81kcal | 지방: 0.8g | 탄수화물: 0.0g | 단백질: 17.18g,1
동태전의 칼로리는 몇이야?,(1인분)당 - 칼로리: 258kcal | 지방: 13.16g | 탄수화물: 9.89g | 단백질: 23.69g,1
동태찌개의 칼로리는 몇이야?,(1인분)당 - 칼로리: 408kcal | 지방: 9.23g | 탄수화물: 23.06g | 단백질: 60.01g,1
동태찜의 칼로리는 몇이야?,(1인분)당 - 칼로리: 195kcal | 지방: 5.34g | 탄수화물: 14.95g | 단백질: 22.02g,1
동태탕의 칼로리는 몇이야?,(1인분)당 - 칼로리: 158kcal | 지방: 3.61g | 탄수화물: 12.72g | 단백질: 18.95g,1
돼지고기김치찌개의 칼로리는 몇이야?,(1인분)당 - 칼로리: 128kcal | 지방: 8.09g | 탄수화물: 6.38g | 단백질: 8.17g,1
두리안의 칼로리는 몇이야?,(1개)당 - 칼로리: 885kcal | 지방: 32.09g | 탄수화물: 163.08g | 단백질: 8.85g,1
두부봉 해물 (180g)의 칼로리는 몇이야?,1 총 (180g)당 - 칼로리: 255kcal | 지방: 13.00g | 탄수화물: 22.00g | 단백질: 14.00g,1
듬뿍복숭아의 칼로리는 몇이야?,100ml당 - 칼로리: 40kcal | 지방: 0.00g | 탄수화물: 10.00g | 단백질: 0.00g,1
따뜻한 허니 레몬&배의 칼로리는 몇이야?,(1인분)  (280ml)당 - 칼로리: 150kcal | 지방: 0.00g | 탄수화물: 38.00g | 단백질: 0.00g,1
따봉의 칼로리는 몇이야?,(1캔)(340ml)당 - 칼로리: 160kcal | 지방: 0.00g | 탄수화물: 40.00g | 단백질: 0.00g,1
딸기 시럽의 칼로리는 몇이야?,(100g)  당 - 칼로리: 92kcal | 지방: 0.26g | 탄수화물: 23.53g | 단백질: 0.56g,1
딸기바나나의 칼로리는 몇이야?,(1인분)  (220ml)당 - 칼로리: 124kcal | 지방: 0.00g | 탄수화물: 30.00g | 단백질: 0.00g,1
딸기블루베리타르트의 칼로리는 몇이야?,30회 (70g)당 - 칼로리: 119kcal | 지방: 3.40g | 탄수화물: 20.00g | 단백질: 2.00g,1
딸기의 칼로리는 몇이야?,(1개) 중형당 - 칼로리: 4kcal | 지방: 0.04g | 탄수화물: 0.92g | 단백질: 0.08g,1
땡큐베리진생의 칼로리는 몇이야?,1개 (420g)당 - 칼로리: 130kcal | 지방: 0.00g | 탄수화물: 32.00g | 단백질: 0.00g,1
떡갈비의 칼로리는 몇이야?,(100g)당 - 칼로리: 265kcal | 지방: 18.00g | 탄수화물: 9.00g | 단백질: 17.00g,1
떡의 칼로리는 몇이야?,1 회당 - 칼로리: 224kcal | 지방: 0.77g | 탄수화물: 48.69g | 단백질: 4.64g,1
뚜또밀감의 칼로리는 몇이야?,(1컵) (250g)당 - 칼로리: 152kcal | 지방: 0.90g | 탄수화물: 34.00g | 단백질: 2.00g,1
라임의 칼로리는 몇이야?,(100g)  당 - 칼로리: 30kcal | 지방: 0.2g | 탄수화물: 10.54g | 단백질: 0.7g,1
람부탄 컵의 칼로리는 몇이야?,(1인분)  (198g)당 - 칼로리: 140kcal | 지방: 0.20g | 탄수화물: 33.00g | 단백질: 1.00g,1
랍스타구이의 칼로리는 몇이야?,(1마리) 작은것당 - 칼로리: 137kcal | 지방: 3.55g | 탄수화물: 1.46g | 단백질: 23.34g,1
랍스타의 칼로리는 몇이야?,(1마리) 작은것당 - 칼로리: 114kcal | 지방: 0.68g | 탄수화물: 1.50g | 단백질: 23.99g,1
랍스터킹의 칼로리는 몇이야?,(100g)당 - 칼로리: 95kcal | 지방: 2.00g | 탄수화물: 10.00g | 단백질: 9.00g,1
레드 딜리셔스 애플의 칼로리는 몇이야?,(1개) 중간크기당 - 칼로리: 72kcal | 지방: 0.23g | 탄수화물: 19.06g | 단백질: 0.36g,1
레드 식사용 와인의 칼로리는 몇이야?,1 150ml 잔당 - 칼로리: 125kcal | 지방: 0.00g | 탄수화물: 3.84g | 단백질: 0.10g,1
레드향의 칼로리는 몇이야?,(100g)당 - 칼로리: 50kcal | 지방: 0.10g | 탄수화물: 13.00g | 단백질: 0.10g,1
레모네이드맛 음료의 칼로리는 몇이야?,(1컵)당 - 칼로리: 92kcal | 지방: 0g | 탄수화물: 22.52g | 단백질: 0g,1
레모네이드의 칼로리는 몇이야?,(1컵)당 - 칼로리: 99kcal | 지방: 0.10g | 탄수화물: 25.87g | 단백질: 0.17g,1
레몬 껍질의 칼로리는 몇이야?,1 테이블스푼당 - 칼로리: 3kcal | 지방: 0.02g | 탄수화물: 0.96g | 단백질: 0.09g,1
레몬 먹은 비타민의 칼로리는 몇이야?,(1컵) (200g)당 - 칼로리: 90kcal | 지방: 0.00g | 탄수화물: 23.00g | 단백질: 0.00g,1
레몬녹차의 칼로리는 몇이야?,100ml당 - 칼로리: 35kcal | 지방: 0.00g | 탄수화물: 8.00g | 단백질: 0.00g,1
레몬에이드 (240ml)의 칼로리는 몇이야?,1회 (240ml)당 - 칼로리: 100kcal | 지방: 0.00g | 탄수화물: 25.00g | 단백질: 0.00g,1
레몬에이드의 칼로리는 몇이야?,(1캔)(240ml)당 - 칼로리: 70kcal | 지방: 0.00g | 탄수화물: 17.00g | 단백질: 0.00g,1
레몬워터의 칼로리는 몇이야?,1개 (500ml)당 - 칼로리: 104kcal | 지방: 0.00g | 탄수화물: 26.00g | 단백질: 0.00g,1
레몬의 칼로리는 몇이야?,(1개)당 - 칼로리: 17kcal | 지방: 0.17g | 탄수화물: 5.41g | 단백질: 0.64g,1
레쓰비 그란데라떼의 칼로리는 몇이야?,100ml당 - 칼로리: 34kcal | 지방: 0.38g | 탄수화물: 6.80g | 단백질: 0.80g,1
레쓰비 솔트커피의 칼로리는 몇이야?,(1캔)(240ml)당 - 칼로리: 115kcal | 지방: 0.70g | 탄수화물: 25.00g | 단백질: 1.70g,1
레쓰비 연유커피의 칼로리는 몇이야?,(1캔)(240ml)당 - 칼로리: 115kcal | 지방: 1.00g | 탄수화물: 25.00g | 단백질: 1.00g,1
로제 와인의 칼로리는 몇이야?,1 잔당 - 칼로리: 73kcal | 지방: 0.00g | 탄수화물: 4.24g | 단백질: 0.25g,1
로투스 소프트 와플의 칼로리는 몇이야?,1봉지 (50g)당 - 칼로리: 231kcal | 지방: 12.80g | 탄수화물: 26.20g | 단백질: 2.80g,1
롱리얼크랩스의 칼로리는 몇이야?,(1인분)  (70g)당 - 칼로리: 60kcal | 지방: 0.00g | 탄수화물: 9.00g | 단백질: 6.00g,1
루트 맥주의 칼로리는 몇이야?,1 캔당 - 칼로리: 152kcal | 지방: 0.00g | 탄수화물: 39.22g | 단백질: 0.00g,1
리모나타의 칼로리는 몇이야?,100ml당 - 칼로리: 43kcal | 지방: 0.00g | 탄수화물: 10.00g | 단백질: 0.00g,1
리얼 롱 크랩스의 칼로리는 몇이야?,(1인분)  (70g)당 - 칼로리: 60kcal | 지방: 0.00g | 탄수화물: 9.00g | 단백질: 6.00g,1
리즐링 와인의 칼로리는 몇이야?,1 150ml 잔당 - 칼로리: 120kcal | 지방: 0.00g | 탄수화물: 5.54g | 단백질: 0.10g,1
리치의 칼로리는 몇이야?,(1개)당 - 칼로리: 6kcal | 지방: 0.04g | 탄수화물: 1.59g | 단백질: 0.08g,1
리코타 과일 샐러드의 칼로리는 몇이야?,(1인분)  (165g)당 - 칼로리: 205kcal | 지방: 8.00g | 탄수화물: 18.00g | 단백질: 3.00g,1
마라스키노 체리의 칼로리는 몇이야?,(1개)당 - 칼로리: 7kcal | 지방: 0.01g | 탄수화물: 1.80g | 단백질: 0.01g,1
마른새우의 칼로리는 몇이야?,(100g)  당 - 칼로리: 253kcal | 지방: 3.44g | 탄수화물: 0.0g | 단백질: 51.7g,1
마른오징어의 칼로리는 몇이야?,(100g)  당 - 칼로리: 349kcal | 지방: 5.23g | 탄수화물: 11.68g | 단백질: 59.06g,1
마일드 워터의 칼로리는 몇이야?,1병 (500ml)당 - 칼로리: 135kcal | 지방: 0.00g | 탄수화물: 13.00g | 단백질: 0.00g,1
마히마히의 칼로리는 몇이야?,(1마리)당 - 칼로리: 100kcal | 지방: 0.82g | 탄수화물: 0.00g | 단백질: 21.76g,1
만다린 오렌지의 칼로리는 몇이야?,(1컵)당 - 칼로리: 154kcal | 지방: 0.25g | 탄수화물: 40.80g | 단백질: 1.13g,1
만두전골의 칼로리는 몇이야?,(1인분)당 - 칼로리: 569kcal | 지방: 22.19g | 탄수화물: 75.86g | 단백질: 23.48g,1
말린 과일 혼합의 칼로리는 몇이야?,(1컵)당 - 칼로리: 332kcal | 지방: 0.60g | 탄수화물: 88.14g | 단백질: 2.98g,1
말린 살구의 칼로리는 몇이야?,1 반쪽조각당 - 칼로리: 8kcal | 지방: 0.02g | 탄수화물: 2.19g | 단백질: 0.12g,1
말린 크랜베리의 칼로리는 몇이야?,(100g)  당 - 칼로리: 308kcal | 지방: 1.37g | 탄수화물: 82.36g | 단백질: 0.07g,1
맛살의 칼로리는 몇이야?,(1개)당 - 칼로리: 35kcal | 지방: 0.74g | 탄수화물: 2.11g | 단백질: 4.77g,1
망고 워터젤리의 칼로리는 몇이야?,100ml당 - 칼로리: 50kcal | 지방: 0.00g | 탄수화물: 13.00g | 단백질: 0.00g,1
망고 컵의 칼로리는 몇이야?,1회 (198g)당 - 칼로리: 145kcal | 지방: 0.40g | 탄수화물: 34.00g | 단백질: 1.00g,1
망고 퓨레의 칼로리는 몇이야?,1병 (300ml)당 - 칼로리: 180kcal | 지방: 0.00g | 탄수화물: 45.00g | 단백질: 0.00g,1
망고드링크의 칼로리는 몇이야?,1팩 (190ml)당 - 칼로리: 65kcal | 지방: 0.00g | 탄수화물: 16.00g | 단백질: 0.00g,1
망고망고해의 칼로리는 몇이야?,(1인분)  (29g)당 - 칼로리: 76kcal | 지방: 0.40g | 탄수화물: 16.80g | 단백질: 1.20g,1
망고스틴의 칼로리는 몇이야?,(100g)  당 - 칼로리: 73kcal | 지방: 0.58g | 탄수화물: 17.91g | 단백질: 0.41g,1
망고컵의 칼로리는 몇이야?,(1인분)  (198g)당 - 칼로리: 145kcal | 지방: 0.40g | 탄수화물: 34.00g | 단백질: 1.00g,1
망고코코의 칼로리는 몇이야?,(1캔)(240ml)당 - 칼로리: 125kcal | 지방: 0.00g | 탄수화물: 31.00g | 단백질: 0.00g,1
망고팝의 칼로리는 몇이야?,1개 (62ml)당 - 칼로리: 42kcal | 지방: 0.70g | 탄수화물: 9.00g | 단백질: 0.00g,1
매생이의 칼로리는 몇이야?,(100g)  당 - 칼로리: 19kcal | 지방: 0.25g | 탄수화물: 4.10g | 단백질: 0.92g,1
매실 플러스의 칼로리는 몇이야?,1잔 (175ml)당 - 칼로리: 104kcal | 지방: 0.00g | 탄수화물: 26.00g | 단백질: 0.00g,1
매실의 칼로리는 몇이야?,(1개)당 - 칼로리: 30kcal | 지방: 0.18g | 탄수화물: 7.54g | 단백질: 0.46g,1
매운 해산물 곤약 리조또의 칼로리는 몇이야?,(1인분)  (270g)당 - 칼로리: 175kcal | 지방: 5.00g | 탄수화물: 29.00g | 단백질: 4.00g,1
매운탕의 칼로리는 몇이야?,(1인분)당 - 칼로리: 213kcal | 지방: 5.31g | 탄수화물: 6.24g | 단백질: 34.10g,1
매운해산물 곤약리조또의 칼로리는 몇이야?,(1인분)  (270g)당 - 칼로리: 175kcal | 지방: 5.00g | 탄수화물: 29.00g | 단백질: 4.00g,1
매일두유 베리믹스의 칼로리는 몇이야?,1팩 (190g)당 - 칼로리: 115kcal | 지방: 1.80g | 탄수화물: 23.00g | 단백질: 1.70g,1
맥콜 (160ml)의 칼로리는 몇이야?,(1캔)(160ml)당 - 칼로리: 75kcal | 지방: 0.00g | 탄수화물: 19.00g | 단백질: 0.00g,1
맥콜 (250ml)의 칼로리는 몇이야?,(1캔)(250ml)당 - 칼로리: 125kcal | 지방: 0.00g | 탄수화물: 31.00g | 단백질: 0.00g,1
머루포도의 칼로리는 몇이야?,(100g)당 - 칼로리: 59kcal | 지방: 0.30g | 탄수화물: 14.90g | 단백질: 0.80g,1
머쉬룸 와퍼의 칼로리는 몇이야?,1개 (331g)당 - 칼로리: 778kcal | 지방: 15.00g | 탄수화물: 5.30g | 단백질: 35.00g,1
머스캣 파라다이스의 칼로리는 몇이야?,1회 (120ml)당 - 칼로리: 70kcal | 지방: 0.00g | 탄수화물: 18.00g | 단백질: 0.00g,1
머스캣의 칼로리는 몇이야?,1회 (240ml)당 - 칼로리: 60kcal | 지방: 0.00g | 탄수화물: 15.00g | 단백질: 0.00g,1
먹태의 칼로리는 몇이야?,(100g)  당 - 칼로리: 353kcal | 지방: 3.76g | 탄수화물: 0g | 단백질: 79.75g,1
멍게의 칼로리는 몇이야?,(100g)  당 - 칼로리: 78kcal | 지방: 2.66g | 탄수화물: 3.57g | 단백질: 9.34g,1
메기 반죽튀김의 칼로리는 몇이야?,1 쪽당 - 칼로리: 182kcal | 지방: 12.80g | 탄수화물: 5.03g | 단백질: 11.12g,1
메기구이의 칼로리는 몇이야?,1 쪽 필렛당 - 칼로리: 116kcal | 지방: 7.38g | 탄수화물: 0.26g | 단백질: 11.44g,1
메기의 칼로리는 몇이야?,(100g)  당 - 칼로리: 240kcal | 지방: 14.53g | 탄수화물: 8.54g | 단백질: 17.57g,1
메로골드의 칼로리는 몇이야?,(100g)  당 - 칼로리: 42kcal | 지방: 0.13g | 탄수화물: 10.61g | 단백질: 0.75g,1
메로구이의 칼로리는 몇이야?,(100g)  당 - 칼로리: 133kcal | 지방: 6.17g | 탄수화물: 0g | 단백질: 18.16g,1
메로의 칼로리는 몇이야?,(100g)  당 - 칼로리: 122kcal | 지방: 5.96g | 탄수화물: 0g | 단백질: 15.93g,1
메를로 와인의 칼로리는 몇이야?,1 150ml 잔당 - 칼로리: 123kcal | 지방: 0.00g | 탄수화물: 3.69g | 단백질: 0.10g,1
메이플 와플의 칼로리는 몇이야?,2봉지 (36g)당 - 칼로리: 175kcal | 지방: 7.00g | 탄수화물: 25.00g | 단백질: 3.00g,1
멜론소다의 칼로리는 몇이야?,(1캔)(250ml)당 - 칼로리: 132kcal | 지방: 0.00g | 탄수화물: 33.00g | 단백질: 0.00g,1
멸치 통조림의 칼로리는 몇이야?,5 마리당 - 칼로리: 42kcal | 지방: 1.94g | 탄수화물: 0.00g | 단백질: 5.78g,1
멸치의 칼로리는 몇이야?,(100g)  당 - 칼로리: 131kcal | 지방: 4.84g | 탄수화물: 0.0g | 단백질: 20.35g,1
명란젓의 칼로리는 몇이야?,1 종지당 - 칼로리: 18kcal | 지방: 0.88g | 탄수화물: 0.28g | 단백질: 2.53g,1
명태의 칼로리는 몇이야?,(100g)  당 - 칼로리: 76kcal | 지방: 0.63g | 탄수화물: 0g | 단백질: 16.59g,1
명태조림의 칼로리는 몇이야?,(1인분)당 - 칼로리: 132kcal | 지방: 3.42g | 탄수화물: 6.04g | 단백질: 17.51g,1
모과생강의 칼로리는 몇이야?,1병 (280ml)당 - 칼로리: 152kcal | 지방: 0.00g | 탄수화물: 38.00g | 단백질: 0.00g,1
모과의 칼로리는 몇이야?,(100g)  당 - 칼로리: 57kcal | 지방: 0.1g | 탄수화물: 15.3g | 단백질: 0.4g,1
모히또에이드의 칼로리는 몇이야?,(1컵) (200ml)당 - 칼로리: 74kcal | 지방: 0.00g | 탄수화물: 19.00g | 단백질: 0.00g,1
모히또의 칼로리는 몇이야?,(1캔)(340ml)당 - 칼로리: 64kcal | 지방: 0.00g | 탄수화물: 16.00g | 단백질: 0.00g,1
목까지 시원한 배의 칼로리는 몇이야?,(1컵) (250ml)당 - 칼로리: 125kcal | 지방: 0.00g | 탄수화물: 31.00g | 단백질: 0.00g,1
무김치의 칼로리는 몇이야?,1 소접시당 - 칼로리: 18kcal | 지방: 0.16g | 탄수화물: 3.81g | 단백질: 0.78g,1
무나물의 칼로리는 몇이야?,(1인분)당 - 칼로리: 30kcal | 지방: 1.13g | 탄수화물: 4.80g | 단백질: 0.73g,1
무당 냉동 딸기의 칼로리는 몇이야?,(100g)  당 - 칼로리: 35kcal | 지방: 0.11g | 탄수화물: 9.13g | 단백질: 0.43g,1
무당 냉동 산딸기의 칼로리는 몇이야?,(100g)  당 - 칼로리: 52kcal | 지방: 0.65g | 탄수화물: 11.94g | 단백질: 1.2g,1
무당 블루베리 팩의 칼로리는 몇이야?,(1컵)당 - 칼로리: 93kcal | 지방: 0.54g | 탄수화물: 23.69g | 단백질: 1.22g,1
무말랭이의 칼로리는 몇이야?,1 소접시당 - 칼로리: 99kcal | 지방: 3.96g | 탄수화물: 15.17g | 단백질: 2.30g,1
무스카트 와인의 칼로리는 몇이야?,1 150ml 잔당 - 칼로리: 124kcal | 지방: 0.00g | 탄수화물: 7.84g | 단백질: 0.10g,1
무장아찌의 칼로리는 몇이야?,1 소접시당 - 칼로리: 49kcal | 지방: 1.07g | 탄수화물: 9.84g | 단백질: 1.65g,1
무지개 송어의 칼로리는 몇이야?,(1마리)당 - 칼로리: 109kcal | 지방: 4.27g | 탄수화물: 0.00g | 단백질: 16.49g,1
무화과의 칼로리는 몇이야?,1 조각 중간크기당 - 칼로리: 37kcal | 지방: 0.15g | 탄수화물: 9.59g | 단백질: 0.38g,1
문어의 칼로리는 몇이야?,(100g)  당 - 칼로리: 82kcal | 지방: 1.04g | 탄수화물: 2.2g | 단백질: 14.91g,1
물김치의 칼로리는 몇이야?,(1인분)당 - 칼로리: 10kcal | 지방: 0.09g | 탄수화물: 2.22g | 단백질: 0.56g,1
물속보관한 정어리의 칼로리는 몇이야?,(100g)  당 - 칼로리: 217kcal | 지방: 12.37g | 탄수화물: 0.0g | 단백질: 24.58g,1
미니 프로틴 와퍼의 칼로리는 몇이야?,(1인분)  (22g)당 - 칼로리: 113kcal | 지방: 8.50g | 탄수화물: 8.00g | 단백질: 3.40g,1
미에로화이바의 칼로리는 몇이야?,1개 (210ml)당 - 칼로리: 85kcal | 지방: 0.00g | 탄수화물: 20.00g | 단백질: 0.00g,1
미역냉국의 칼로리는 몇이야?,1 대접당 - 칼로리: 37kcal | 지방: 1.24g | 탄수화물: 4.83g | 단백질: 2.89g,1
미콜의 칼로리는 몇이야?,(1캔)(250ml)당 - 칼로리: 110kcal | 지방: 0.00g | 탄수화물: 28.00g | 단백질: 0.00g,1
민어의 칼로리는 몇이야?,(100g)  당 - 칼로리: 104kcal | 지방: 3.17g | 탄수화물: 0.0g | 단백질: 17.78g,1
밀당포켓밀 베이직의 칼로리는 몇이야?,1포 (65g)당 - 칼로리: 270kcal | 지방: 6.00g | 탄수화물: 42.00g | 단백질: 12.00g,1
밀로 1끼 식단의 칼로리는 몇이야?,1끼당 - 칼로리: 864kcal | 지방: 71.81g | 탄수화물: 11.05g | 단백질: 42.60g,1
밀면의 칼로리는 몇이야?,(1인분)당 - 칼로리: 410kcal | 지방: 4.85g | 탄수화물: 83.48g | 단백질: 6.40g,1
밀크소다 암바사의 칼로리는 몇이야?,(1인분)  (345g)당 - 칼로리: 181kcal | 지방: 0.00g | 탄수화물: 44.00g | 단백질: 1.20g,1
밀키스 (340ml)의 칼로리는 몇이야?,(1캔)(340ml)당 - 칼로리: 170kcal | 지방: 0.00g | 탄수화물: 42.00g | 단백질: 1.00g,1
밀키스 무스카토의 칼로리는 몇이야?,1회 (250ml)당 - 칼로리: 65kcal | 지방: 0.00g | 탄수화물: 16.00g | 단백질: 1.00g,1
밀키스 요하이 워터의 칼로리는 몇이야?,1회 (500ml)당 - 칼로리: 155kcal | 지방: 0.00g | 탄수화물: 38.00g | 단백질: 1.00g,1
밀키스 핑크소다의 칼로리는 몇이야?,1회 (250ml)당 - 칼로리: 125kcal | 지방: 0.00g | 탄수화물: 31.00g | 단백질: 0.00g,1
밀키스의 칼로리는 몇이야?,(1캔)(250ml)당 - 칼로리: 130kcal | 지방: 0.00g | 탄수화물: 31.00g | 단백질: 1.00g,1
바나나&베리 크레페의 칼로리는 몇이야?,(1인분)  (86g)당 - 칼로리: 223kcal | 지방: 11.00g | 탄수화물: 28.00g | 단백질: 3.00g,1
바나나의 칼로리는 몇이야?,(1개) 중형당 - 칼로리: 105kcal | 지방: 0.39g | 탄수화물: 26.95g | 단백질: 1.29g,1
바다살어묵의 칼로리는 몇이야?,1개 (45g)당 - 칼로리: 90kcal | 지방: 1.90g | 탄수화물: 13.00g | 단백질: 5.00g,1
바다에서 왔닥 씨프로틴의 칼로리는 몇이야?,(100g)당 - 칼로리: 85kcal | 지방: 0.00g | 탄수화물: 9.60g | 단백질: 12.00g,1
바다에서 왔닥 허브페퍼의 칼로리는 몇이야?,(1인분)  (100g)당 - 칼로리: 85kcal | 지방: 0.00g | 탄수화물: 9.60g | 단백질: 12.00g,1
바다에서왔닥 허브페퍼의 칼로리는 몇이야?,(100g)당 - 칼로리: 85kcal | 지방: 0.00g | 탄수화물: 9.60g | 단백질: 12.00g,1
바다에서왔닥의 칼로리는 몇이야?,(100g)당 - 칼로리: 85kcal | 지방: 0.00g | 탄수화물: 9.60g | 단백질: 12.00g,1
바르닭 안심 페퍼의 칼로리는 몇이야?,(100g)당 - 칼로리: 115kcal | 지방: 2.10g | 탄수화물: 3.00g | 단백질: 21.00g,1
바르닭 훈제 닭가슴살 페퍼의 칼로리는 몇이야?,(100g)당 - 칼로리: 112kcal | 지방: 1.30g | 탄수화물: 2.00g | 단백질: 23.00g,1
바른어묵 얇은사각의 칼로리는 몇이야?,(100g)당 - 칼로리: 170kcal | 지방: 4.70g | 탄수화물: 23.00g | 단백질: 9.00g,1
바이오티 그레이프그린의 칼로리는 몇이야?,(1인분)  (350ml)당 - 칼로리: 30kcal | 지방: 0.50g | 탄수화물: 3.00g | 단백질: 0.00g,1
바이오티 애플소다의 칼로리는 몇이야?,100ml당 - 칼로리: 10kcal | 지방: 0.00g | 탄수화물: 4.00g | 단백질: 0.00g,1
바이오티 피치핑크의 칼로리는 몇이야?,100ml당 - 칼로리: 10kcal | 지방: 0.50g | 탄수화물: 3.00g | 단백질: 0.00g,1
바지락의 칼로리는 몇이야?,(100g)  당 - 칼로리: 67kcal | 지방: 0.88g | 탄수화물: 2.34g | 단백질: 11.63g,1
박대의 칼로리는 몇이야?,(100g)  당 - 칼로리: 83kcal | 지방: 1.18g | 탄수화물: 0g | 단백질: 17.62g,1
반건시의 칼로리는 몇이야?,(1개)당 - 칼로리: 86kcal | 지방: 0.20g | 탄수화물: 23.00g | 단백질: 0.49g,1
반죽입혀 튀긴 호분의 칼로리는 몇이야?,(100g)  당 - 칼로리: 180kcal | 지방: 8.59g | 탄수화물: 6.94g | 단백질: 17.79g,1
반죽입힌 대구구이의 칼로리는 몇이야?,(100g)  당 - 칼로리: 197kcal | 지방: 8.90g | 탄수화물: 8.59g | 단백질: 19.61g,1
방어 회의 칼로리는 몇이야?,(1개)당 - 칼로리: 41kcal | 지방: 1.49g | 탄수화물: 0.00g | 단백질: 6.56g,1
방울토마토의 칼로리는 몇이야?,(100g)당 - 칼로리: 16kcal | 지방: 0.10g | 탄수화물: 2.90g | 단백질: 0.90g,1
배추겉절이의 칼로리는 몇이야?,(1인분)당 - 칼로리: 37kcal | 지방: 1.76g | 탄수화물: 4.87g | 단백질: 1.99g,1
배추김치의 칼로리는 몇이야?,(1인분)당 - 칼로리: 8kcal | 지방: 0.12g | 탄수화물: 1.58g | 단백질: 0.66g,1
백산수의 칼로리는 몇이야?,100ml당 - 칼로리: 0kcal | 지방: 0.00g | 탄수화물: 0.00g | 단백질: 0.00g,1
뱅어포의 칼로리는 몇이야?,1 장당 - 칼로리: 51kcal | 지방: 1.65g | 탄수화물: 0.18g | 단백질: 8.45g,1
버섯전의 칼로리는 몇이야?,1 소접시당 - 칼로리: 134kcal | 지방: 4.77g | 탄수화물: 19.45g | 단백질: 5.48g,1
버터 와플의 칼로리는 몇이야?,(100g)당 - 칼로리: 519kcal | 지방: 26.00g | 탄수화물: 66.00g | 단백질: 6.00g,1
버터새우의 칼로리는 몇이야?,(1인분)당 - 칼로리: 359kcal | 지방: 16.25g | 탄수화물: 4.83g | 단백질: 46.99g,1
번 인텐스의 칼로리는 몇이야?,(1캔)(250ml)당 - 칼로리: 156kcal | 지방: 0.00g | 탄수화물: 38.00g | 단백질: 1.00g,1
벌꿀배의 칼로리는 몇이야?,1병 (280ml)당 - 칼로리: 140kcal | 지방: 0.00g | 탄수화물: 35.00g | 단백질: 0.00g,1
벌집 와플의 칼로리는 몇이야?,1봉지 (75g)당 - 칼로리: 395kcal | 지방: 20.00g | 탄수화물: 46.00g | 단백질: 2.00g,1
벨기에 와플의 칼로리는 몇이야?,1개 (68g)당 - 칼로리: 290kcal | 지방: 8.00g | 탄수화물: 18.00g | 단백질: 5.00g,1
벨지안 와플의 칼로리는 몇이야?,(1인분)  (70g)당 - 칼로리: 315kcal | 지방: 16.10g | 탄수화물: 39.00g | 단백질: 3.40g,1
벨지안 프로틴 와플의 칼로리는 몇이야?,(1인분)  (50g)당 - 칼로리: 138kcal | 지방: 7.60g | 탄수화물: 10.50g | 단백질: 7.20g,1
병어구이의 칼로리는 몇이야?,(1토막)당 - 칼로리: 86kcal | 지방: 3.42g | 탄수화물: 1.41g | 단백질: 11.55g,1
보리굴비의 칼로리는 몇이야?,(100g)  당 - 칼로리: 325kcal | 지방: 15.40g | 탄수화물: 0g | 단백질: 44.71g,1
보성 말차라떼의 칼로리는 몇이야?,(1인분)  (500g)당 - 칼로리: 255kcal | 지방: 3.40g | 탄수화물: 52.00g | 단백질: 4.00g,1
복분자의 칼로리는 몇이야?,(100g)  당 - 칼로리: 53kcal | 지방: 0.64g | 탄수화물: 12.22g | 단백질: 1.19g,1
복숭아 봉봉의 칼로리는 몇이야?,(1캔)(340ml)당 - 칼로리: 188kcal | 지방: 0.00g | 탄수화물: 46.00g | 단백질: 0.00g,1
복숭아 아이스티의 칼로리는 몇이야?,(1인분)  (230ml)당 - 칼로리: 95kcal | 지방: 0.00g | 탄수화물: 23.00g | 단백질: 0.00g,1
복숭아라떼의 칼로리는 몇이야?,(1캔)(240ml)당 - 칼로리: 90kcal | 지방: 0.00g | 탄수화물: 22.00g | 단백질: 1.00g,1
복숭아워터의 칼로리는 몇이야?,1병 (500ml)당 - 칼로리: 76kcal | 지방: 0.00g | 탄수화물: 19.00g | 단백질: 0.00g,1
복어의 칼로리는 몇이야?,(100g)  당 - 칼로리: 89kcal | 지방: 0.98g | 탄수화물: 0g | 단백질: 18.79g,1
복지리의 칼로리는 몇이야?,1 대접당 - 칼로리: 86kcal | 지방: 1.44g | 탄수화물: 4.09g | 단백질: 13.94g,1
본 오미자의 칼로리는 몇이야?,1회 (35g)당 - 칼로리: 87kcal | 지방: 0.00g | 탄수화물: 21.79g | 단백질: 0.00g,1
볼트 에너지 블루의 칼로리는 몇이야?,(1캔)(250g)당 - 칼로리: 152kcal | 지방: 0.00g | 탄수화물: 38.00g | 단백질: 0.00g,1
부드러운 와플의 칼로리는 몇이야?,(1인분)  (20g)당 - 칼로리: 95kcal | 지방: 4.60g | 탄수화물: 13.00g | 단백질: 1.00g,1
부르르 제로사이다의 칼로리는 몇이야?,(1인분)  (250ml)당 - 칼로리: 0kcal | 지방: 0.00g | 탄수화물: 1.00g | 단백질: 0.00g,1
부르르 제로콜라의 칼로리는 몇이야?,(1인분)  (250ml)당 - 칼로리: 0kcal | 지방: 0.00g | 탄수화물: 1.00g | 단백질: 0.00g,1
부산 사각 어묵의 칼로리는 몇이야?,1회 (50g)당 - 칼로리: 95kcal | 지방: 1.50g | 탄수화물: 15.00g | 단백질: 6.00g,1
부산어묵면의 칼로리는 몇이야?,1회 (350g)당 - 칼로리: 116kcal | 지방: 3.50g | 탄수화물: 13.00g | 단백질: 8.00g,1
부추부침개의 칼로리는 몇이야?,1 소접시당 - 칼로리: 172kcal | 지방: 6.46g | 탄수화물: 22.15g | 단백질: 7.26g,1
부침개의 칼로리는 몇이야?,1 소접시당 - 칼로리: 162kcal | 지방: 5.80g | 탄수화물: 20.07g | 단백질: 7.60g,1
북어채무침의 칼로리는 몇이야?,(1캔)(80g)당 - 칼로리: 175kcal | 지방: 5.00g | 탄수화물: 16.00g | 단백질: 16.00g,1
북어포의 칼로리는 몇이야?,(100g)  당 - 칼로리: 343kcal | 지방: 3.60g | 탄수화물: 0g | 단백질: 77.22g,1
불고기 와퍼 주니어의 칼로리는 몇이야?,(1인분)  (158g)당 - 칼로리: 380kcal | 지방: 0.00g | 탄수화물: 380.00g | 단백질: 18.00g,1
불고기의 칼로리는 몇이야?,(1인분)당 - 칼로리: 486kcal | 지방: 23.86g | 탄수화물: 14.77g | 단백질: 48.38g,1
불고기피자의 칼로리는 몇이야?,2조각 (178g)당 - 칼로리: 480kcal | 지방: 12.00g | 탄수화물: 74.00g | 단백질: 22.00g,1
불골뱅이의 칼로리는 몇이야?,(100g)당 - 칼로리: 150kcal | 지방: 0.50g | 탄수화물: 27.00g | 단백질: 9.00g,1
불낙전골의 칼로리는 몇이야?,1 대접당 - 칼로리: 372kcal | 지방: 17.54g | 탄수화물: 29.42g | 단백질: 30.79g,1
불싸이버거의 칼로리는 몇이야?,1개 (225g)당 - 칼로리: 504kcal | 지방: 5.00g | 탄수화물: 76.00g | 단백질: 27.00g,1
붕어찜의 칼로리는 몇이야?,(1인분)당 - 칼로리: 198kcal | 지방: 9.94g | 탄수화물: 8.65g | 단백질: 18.13g,1
뷰핏 스파클링타임 플레인의 칼로리는 몇이야?,1병 (350ml)당 - 칼로리: 0kcal | 지방: 0.00g | 탄수화물: 0.00g | 단백질: 0.00g,1
브라운치즈 와플의 칼로리는 몇이야?,1봉 (26g)당 - 칼로리: 125kcal | 지방: 5.30g | 탄수화물: 17.50g | 단백질: 2.00g,1
브런치크랩의 칼로리는 몇이야?,s1회 (30g)당 - 칼로리: 25kcal | 지방: 0.00g | 탄수화물: 3.00g | 단백질: 3.00g,1
브레번 사과의 칼로리는 몇이야?,(1개) 중간크기당 - 칼로리: 71kcal | 지방: 0.24g | 탄수화물: 19.06g | 단백질: 0.36g,1
브이플랜 청사과&허브의 칼로리는 몇이야?,(1컵) (330ml)당 - 칼로리: 116kcal | 지방: 0.00g | 탄수화물: 29.00g | 단백질: 0.00g,1
블랙베리의 칼로리는 몇이야?,(1컵)당 - 칼로리: 62kcal | 지방: 0.71g | 탄수화물: 13.84g | 단백질: 2.00g,1
블랙슈가 밀크티의 칼로리는 몇이야?,(1인분)  (300ml)당 - 칼로리: 260kcal | 지방: 7.00g | 탄수화물: 44.00g | 단백질: 5.00g,1
블루 크랩의 칼로리는 몇이야?,(100g)  당 - 칼로리: 87kcal | 지방: 1.08g | 탄수화물: 0.04g | 단백질: 18.06g,1
블루베리에이드의 칼로리는 몇이야?,1회 (190ml)당 - 칼로리: 65kcal | 지방: 0.00g | 탄수화물: 16.00g | 단백질: 0.00g,1
블루베리의 칼로리는 몇이야?,(1컵)당 - 칼로리: 83kcal | 지방: 0.48g | 탄수화물: 21.01g | 단백질: 1.07g,1
비락식혜 (238ml)의 칼로리는 몇이야?,(1캔)(238ml)당 - 칼로리: 80kcal | 지방: 0.00g | 탄수화물: 19.00g | 단백질: 0.00g,1
비빔국수의 칼로리는 몇이야?,(1인분)당 - 칼로리: 425kcal | 지방: 7.22g | 탄수화물: 74.10g | 단백질: 14.76g,1
비빔냉면의 칼로리는 몇이야?,(1인분)당 - 칼로리: 463kcal | 지방: 9.34g | 탄수화물: 75.92g | 단백질: 17.37g,1
비빔밥의 칼로리는 몇이야?,(1인분)당 - 칼로리: 586kcal | 지방: 13.99g | 탄수화물: 89.78g | 단백질: 22.05g,1
비타500 스파클링의 칼로리는 몇이야?,(1인분)  (250ml)당 - 칼로리: 110kcal | 지방: 0.00g | 탄수화물: 28.00g | 단백질: 0.00g,1
비타500 아이스의 칼로리는 몇이야?,(1인분)  (230ml)당 - 칼로리: 160kcal | 지방: 0.00g | 탄수화물: 40.00g | 단백질: 0.00g,1
비타민 워터 바이탈브이의 칼로리는 몇이야?,1회 (250ml)당 - 칼로리: 40kcal | 지방: 0.00g | 탄수화물: 10.00g | 단백질: 0.00g,1
빙 체리의 칼로리는 몇이야?,(1개)당 - 칼로리: 4kcal | 지방: 0.01g | 탄수화물: 1.09g | 단백질: 0.07g,1
빨간 산딸기의 칼로리는 몇이야?,(1컵)당 - 칼로리: 64kcal | 지방: 0.80g | 탄수화물: 14.69g | 단백질: 1.48g,1
사과 드링크의 칼로리는 몇이야?,(1캔)(180ml)당 - 칼로리: 48kcal | 지방: 0.00g | 탄수화물: 12.00g | 단백질: 0.00g,1
사과 바나나의 칼로리는 몇이야?,(1개)당 - 칼로리: 65kcal | 지방: 0.24g | 탄수화물: 16.67g | 단백질: 0.80g,1
사과&크렌베리의 칼로리는 몇이야?,1병 (300ml)당 - 칼로리: 136kcal | 지방: 0.00g | 탄수화물: 34.00g | 단백질: 0.00g,1
사과대추의 칼로리는 몇이야?,(100g)  당 - 칼로리: 79kcal | 지방: 0.2g | 탄수화물: 20.23g | 단백질: 1.2g,1
사과의 칼로리는 몇이야?,(1개) 중간크기당 - 칼로리: 72kcal | 지방: 0.23g | 탄수화물: 19.06g | 단백질: 0.36g,1
사과즙의 칼로리는 몇이야?,100ml당 - 칼로리: 60kcal | 지방: 0.00g | 탄수화물: 14.00g | 단백질: 0.00g,1
사이다의 칼로리는 몇이야?,(1컵) (200ml)당 - 칼로리: 90kcal | 지방: 0.00g | 탄수화물: 22.00g | 단백질: 0.00g,1
사조참치 살코기 안심따개의 칼로리는 몇이야?,(1인분)  (135g)당 - 칼로리: 290kcal | 지방: 20.00g | 탄수화물: 1.00g | 단백질: 26.00g,1
산낙지의 칼로리는 몇이야?,(100g)  당 - 칼로리: 60kcal | 지방: 1.32g | 탄수화물: 1.57g | 단백질: 9.77g,1
산딸기의 칼로리는 몇이야?,(1컵)당 - 칼로리: 64kcal | 지방: 0.80g | 탄수화물: 14.69g | 단백질: 1.48g,1
산적의 칼로리는 몇이야?,(1인분)당 - 칼로리: 639kcal | 지방: 34.45g | 탄수화물: 40.70g | 단백질: 39.71g,1
살구의 칼로리는 몇이야?,(1개)당 - 칼로리: 17kcal | 지방: 0.14g | 탄수화물: 3.89g | 단백질: 0.49g,1
살코기 동원참치의 칼로리는 몇이야?,(1캔)(85g)당 - 칼로리: 180kcal | 지방: 13.00g | 탄수화물: 0.00g | 단백질: 16.00g,1
삶은 또는 찐 왕새우의 칼로리는 몇이야?,(100g)  당 - 칼로리: 81kcal | 지방: 1.19g | 탄수화물: 0g | 단백질: 16.63g,1
삶은오징어의 칼로리는 몇이야?,(100g)  당 - 칼로리: 105kcal | 지방: 1.58g | 탄수화물: 3.53g | 단백질: 17.86g,1
삼치구이의 칼로리는 몇이야?,(1토막)당 - 칼로리: 126kcal | 지방: 7.71g | 탄수화물: 0.15g | 단백질: 13.05g,1
삼치의 칼로리는 몇이야?,(100g)  당 - 칼로리: 177kcal | 지방: 10.02g | 탄수화물: 0g | 단백질: 20.25g,1
삼치조림의 칼로리는 몇이야?,(1인분)당 - 칼로리: 196kcal | 지방: 7.69g | 탄수화물: 7.03g | 단백질: 22.77g,1
상어의 칼로리는 몇이야?,(100g)  당 - 칼로리: 130kcal | 지방: 4.51g | 탄수화물: 0.0g | 단백질: 20.98g,1
상추겉절이의 칼로리는 몇이야?,1 소접시당 - 칼로리: 33kcal | 지방: 1.27g | 탄수화물: 4.80g | 단백질: 1.72g,1
상큼한 포도즙의 칼로리는 몇이야?,100ml당 - 칼로리: 40kcal | 지방: 0.10g | 탄수화물: 9.50g | 단백질: 0.30g,1
새우 스캠피의 칼로리는 몇이야?,(1컵)당 - 칼로리: 288kcal | 지방: 21.53g | 탄수화물: 0.01g | 단백질: 22.94g,1
새우구이의 칼로리는 몇이야?,(100g)  당 - 칼로리: 154kcal | 지방: 5.03g | 탄수화물: 1.17g | 단백질: 24.47g,1
새우의 칼로리는 몇이야?,(100g)  당 - 칼로리: 106kcal | 지방: 1.73g | 탄수화물: 0.91g | 단백질: 20.31g,1
새조개의 칼로리는 몇이야?,(100g)  당 - 칼로리: 110kcal | 지방: 1.82g | 탄수화물: 0.71g | 단백질: 21.35g,1
생굴의 칼로리는 몇이야?,(100g)  당 - 칼로리: 81kcal | 지방: 2.3g | 탄수화물: 4.95g | 단백질: 9.45g,1
생대추의 칼로리는 몇이야?,(1개)당 - 칼로리: 4kcal | 지방: 0.01g | 탄수화물: 1.01g | 단백질: 0.05g,1
생선 구이의 칼로리는 몇이야?,(1마리) 필렛당 - 칼로리: 123kcal | 지방: 1.33g | 탄수화물: 0.31g | 단백질: 25.53g,1
생선까스의 칼로리는 몇이야?,(1인분)당 - 칼로리: 527kcal | 지방: 20.73g | 탄수화물: 43.60g | 단백질: 39.17g,1
생선반죽 튀김의 칼로리는 몇이야?,(1마리) 필렛당 - 칼로리: 267kcal | 지방: 15.24g | 탄수화물: 8.99g | 단백질: 22.41g,1
생선의 칼로리는 몇이야?,(100g)  당 - 칼로리: 84kcal | 지방: 0.92g | 탄수화물: 0.0g | 단백질: 17.76g,1
생선전의 칼로리는 몇이야?,(1인분)당 - 칼로리: 300kcal | 지방: 11.48g | 탄수화물: 19.14g | 단백질: 28.25g,1
생선조림의 칼로리는 몇이야?,(1인분)당 - 칼로리: 302kcal | 지방: 8.43g | 탄수화물: 17.21g | 단백질: 35.91g,1
생선찜의 칼로리는 몇이야?,(1인분)당 - 칼로리: 190kcal | 지방: 6.35g | 탄수화물: 15.53g | 단백질: 18.26g,1
생크림 와플의 칼로리는 몇이야?,(100g)당 - 칼로리: 338kcal | 지방: 19.00g | 탄수화물: 11.00g | 단백질: 5.00g,1
생태찌개의 칼로리는 몇이야?,(1인분)당 - 칼로리: 235kcal | 지방: 5.32g | 탄수화물: 15.47g | 단백질: 32.65g,1
샤르도네 와인의 칼로리는 몇이야?,1 잔당 - 칼로리: 85kcal | 지방: 0.00g | 탄수화물: 2.39g | 단백질: 0.07g,1
샤인 온 더 비치의 칼로리는 몇이야?,(1캔)(340ml)당 - 칼로리: 64kcal | 지방: 0.00g | 탄수화물: 16.00g | 단백질: 0.00g,1
샤인머스캣의 칼로리는 몇이야?,(100g)  당 - 칼로리: 69kcal | 지방: 0.16g | 탄수화물: 18.1g | 단백질: 0.72g,1
석류골드의 칼로리는 몇이야?,1회 (80ml)당 - 칼로리: 36kcal | 지방: 0.00g | 탄수화물: 9.00g | 단백질: 0.00g,1
석류드링크의 칼로리는 몇이야?,(1캔)(240ml)당 - 칼로리: 120kcal | 지방: 0.00g | 탄수화물: 30.00g | 단백질: 0.00g,1
석류의 칼로리는 몇이야?,(1개)당 - 칼로리: 105kcal | 지방: 0.46g | 탄수화물: 26.44g | 단백질: 1.46g,1
석류콜라겐 500의 칼로리는 몇이야?,(1인분)  (140ml)당 - 칼로리: 70kcal | 지방: 0.00g | 탄수화물: 17.00g | 단백질: 0.50g,1
설탕 대신 올리고당 사과잼의 칼로리는 몇이야?,(100g)당 - 칼로리: 260kcal | 지방: 0.00g | 탄수화물: 65.00g | 단백질: 0.00g,1
성게알의 칼로리는 몇이야?,(100g)  당 - 칼로리: 120kcal | 지방: 4.89g | 탄수화물: 3.35g | 단백질: 16.07g,1
세븐업의 칼로리는 몇이야?,(1캔)(250ml)당 - 칼로리: 115kcal | 지방: 0.00g | 탄수화물: 29.00g | 단백질: 0.00g,1
세상에 없는 루이보스의 칼로리는 몇이야?,(1캔)(240ml)당 - 칼로리: 15kcal | 지방: 1.70g | 탄수화물: 13.00g | 단백질: 0.00g,1
소고기 덮밥의 칼로리는 몇이야?,(1인분)  (290g)당 - 칼로리: 535kcal | 지방: 21.00g | 탄수화물: 68.00g | 단백질: 18.00g,1
소다수의 칼로리는 몇이야?,1 캔 또는 병 (470 ml)당 - 칼로리: 0kcal | 지방: 0.00g | 탄수화물: 0.00g | 단백질: 0.00g,1
소다의 칼로리는 몇이야?,1 캔당 - 칼로리: 140kcal | 지방: 0.04g | 탄수화물: 36.05g | 단백질: 0.26g,1
소라의 칼로리는 몇이야?,(100g)  당 - 칼로리: 89kcal | 지방: 0.44g | 탄수화물: 0.77g | 단백질: 19.49g,1
소불고기의 칼로리는 몇이야?,(1인분)당 - 칼로리: 489kcal | 지방: 20.48g | 탄수화물: 15.01g | 단백질: 56.53g,1
소비뇽 블랑 와인의 칼로리는 몇이야?,1 150ml 잔당 - 칼로리: 121kcal | 지방: 0.00g | 탄수화물: 3.01g | 단백질: 0.10g,1
속풀어유의 칼로리는 몇이야?,1회 (230ml)당 - 칼로리: 170kcal | 지방: 5.10g | 탄수화물: 27.00g | 단백질: 3.60g,1
송어구이의 칼로리는 몇이야?,(100g)  당 - 칼로리: 188kcal | 지방: 9.16g | 탄수화물: 0.41g | 단백질: 24.37g,1
송어회의 칼로리는 몇이야?,(100g)  당 - 칼로리: 121kcal | 지방: 3.64g | 탄수화물: 0g | 단백질: 20.52g,1
수퍼 청크 피넛 버터의 칼로리는 몇이야?,2스푼 (32g)당 - 칼로리: 190kcal | 지방: 16.00g | 탄수화물: 6.00g | 단백질: 7.00g,1
수퍼 청키 머쉬룸 소스의 칼로리는 몇이야?,(1인분)  (128g)당 - 칼로리: 90kcal | 지방: 2.00g | 탄수화물: 16.00g | 단백질: 2.00g,1
순 연어까스의 칼로리는 몇이야?,(100g)당 - 칼로리: 145kcal | 지방: 0.80g | 탄수화물: 23.00g | 단백질: 12.00g,1
순수함이 가득한 자몽의 칼로리는 몇이야?,1회 (200ml)당 - 칼로리: 90kcal | 지방: 0.00g | 탄수화물: 23.00g | 단백질: 0.00g,1
숭어회의 칼로리는 몇이야?,(100g)  당 - 칼로리: 117kcal | 지방: 3.79g | 탄수화물: 0.0g | 단백질: 19.35g,1
쉬라 와인의 칼로리는 몇이야?,1 150ml 잔당 - 칼로리: 123kcal | 지방: 0.00g | 탄수화물: 3.79g | 단백질: 0.10g,1
슈냉 블랑 와인의 칼로리는 몇이야?,1 150ml 잔당 - 칼로리: 120kcal | 지방: 0.00g | 탄수화물: 4.90g | 단백질: 0.10g,1
슈웹스 그레이프 토닉의 칼로리는 몇이야?,1병 (350ml)당 - 칼로리: 128kcal | 지방: 0.00g | 탄수화물: 32.00g | 단백질: 0.00g,1
슈웹스 레몬토닉의 칼로리는 몇이야?,1병 (350ml)당 - 칼로리: 136kcal | 지방: 0.00g | 탄수화물: 34.00g | 단백질: 0.00g,1
슈퍼 100 복숭아의 칼로리는 몇이야?,(1인분)  (90g)당 - 칼로리: 90kcal | 지방: 2.00g | 탄수화물: 15.00g | 단백질: 3.00g,1
슈퍼 100 플레인의 칼로리는 몇이야?,(1인분)  (90g)당 - 칼로리: 60kcal | 지방: 3.00g | 탄수화물: 5.00g | 단백질: 3.00g,1
슈퍼 B-컴플렉스의 칼로리는 몇이야?,1알당 - 칼로리: 3kcal | 지방: 0.00g | 탄수화물: 0.60g | 단백질: 0.00g,1
슈퍼 그레인 생식의 칼로리는 몇이야?,1포 (40g)당 - 칼로리: 150kcal | 지방: 2.10g | 탄수화물: 29.00g | 단백질: 6.00g,1
슈퍼 디럭스의 칼로리는 몇이야?,(1인분)  (134g)당 - 칼로리: 307kcal | 지방: 5.00g | 탄수화물: 5.00g | 단백질: 17.00g,1
슈퍼 쉐이크 오트볼 그레인의 칼로리는 몇이야?,(1인분)  (50g)당 - 칼로리: 210kcal | 지방: 4.70g | 탄수화물: 36.00g | 단백질: 7.00g,1
슈퍼 오메가3의 칼로리는 몇이야?,1캡슐당 - 칼로리: 10kcal | 지방: 1.00g | 탄수화물: 0.00g | 단백질: 0.00g,1
슈퍼 퀴노아 샐러드의 칼로리는 몇이야?,1회 (165g)당 - 칼로리: 120kcal | 지방: 3.50g | 탄수화물: 18.00g | 단백질: 6.00g,1
슈퍼 프로바이오틱스 19의 칼로리는 몇이야?,(1인분)  (2g)당 - 칼로리: 10kcal | 지방: 0.00g | 탄수화물: 2.00g | 단백질: 0.00g,1
슈퍼곡물 12곡 미숫가루의 칼로리는 몇이야?,(1인분)  (20g)당 - 칼로리: 75kcal | 지방: 0.00g | 탄수화물: 16.00g | 단백질: 2.00g,1
슈퍼베리워터주스의 칼로리는 몇이야?,1잔 (300g)당 - 칼로리: 76kcal | 지방: 0.00g | 탄수화물: 15.00g | 단백질: 0.00g,1
슈퍼스무디 그린의 칼로리는 몇이야?,(1인분)  (250ml)당 - 칼로리: 135kcal | 지방: 0.20g | 탄수화물: 33.00g | 단백질: 0.00g,1
스노우연어의 칼로리는 몇이야?,1회 (50g)당 - 칼로리: 65kcal | 지방: 2.60g | 탄수화물: 5.00g | 단백질: 5.00g,1
스노우크랩킹의 칼로리는 몇이야?,(100g)당 - 칼로리: 90kcal | 지방: 0.80g | 탄수화물: 9.00g | 단백질: 12.00g,1
스위트아메리카노의 칼로리는 몇이야?,(1인분)  (390ml)당 - 칼로리: 65kcal | 지방: 0.00g | 탄수화물: 15.00g | 단백질: 1.00g,1
스위티에이드의 칼로리는 몇이야?,1병 (350ml)당 - 칼로리: 156kcal | 지방: 0.00g | 탄수화물: 39.00g | 단백질: 0.00g,1
스위티오 파인애플 540의 칼로리는 몇이야?,1조각 (90g)당 - 칼로리: 55kcal | 지방: 0.00g | 탄수화물: 13.00g | 단백질: 0.60g,1
스위티오 파인애플 컵의 칼로리는 몇이야?,1회 (198g)당 - 칼로리: 125kcal | 지방: 0.40g | 탄수화물: 29.00g | 단백질: 1.00g,1
스카시 플러스 100의 칼로리는 몇이야?,(1컵) (200ml)당 - 칼로리: 110kcal | 지방: 0.00g | 탄수화물: 26.00g | 단백질: 1.00g,1
스태커 2 와퍼의 칼로리는 몇이야?,(1인분)  (424g)당 - 칼로리: 1080kcal | 지방: 29.30g | 탄수화물: 8.90g | 단백질: 58.00g,1
스태커 4 와퍼의 칼로리는 몇이야?,(1인분)  (650g)당 - 칼로리: 1707kcal | 지방: 345.00g | 탄수화물: 11.90g | 단백질: 191.00g,1
스테이크 피자의 칼로리는 몇이야?,2조각 (175g)당 - 칼로리: 459kcal | 지방: 15.00g | 탄수화물: 60.00g | 단백질: 21.00g,1
스팀피쉬 닭가슴살맛의 칼로리는 몇이야?,(100g)당 - 칼로리: 129kcal | 지방: 2.80g | 탄수화물: 13.00g | 단백질: 13.00g,1
스팀피쉬 청양고추의 칼로리는 몇이야?,(100g)당 - 칼로리: 130kcal | 지방: 1.60g | 탄수화물: 16.00g | 단백질: 13.00g,1
스파클링 레몬에이드의 칼로리는 몇이야?,1회 (350ml)당 - 칼로리: 184kcal | 지방: 0.00g | 탄수화물: 46.00g | 단백질: 0.00g,1
스파클링 망고의 칼로리는 몇이야?,(1캔)(355ml)당 - 칼로리: 175kcal | 지방: 0.00g | 탄수화물: 44.00g | 단백질: 0.00g,1
스파클링 복숭아의 칼로리는 몇이야?,(1캔)(355ml)당 - 칼로리: 200kcal | 지방: 0.00g | 탄수화물: 50.00g | 단백질: 0.00g,1
스파클링 비타민C의 칼로리는 몇이야?,(1인분)  (140ml)당 - 칼로리: 65kcal | 지방: 0.00g | 탄수화물: 15.00g | 단백질: 0.00g,1
스파클링 오렌지의 칼로리는 몇이야?,(1캔)(355ml)당 - 칼로리: 155kcal | 지방: 0.00g | 탄수화물: 39.00g | 단백질: 0.00g,1
스파클링 유자의 칼로리는 몇이야?,(1캔)(345ml)당 - 칼로리: 124kcal | 지방: 0.00g | 탄수화물: 31.00g | 단백질: 0.00g,1
스파클링 청포도의 칼로리는 몇이야?,(1캔)(345ml)당 - 칼로리: 128kcal | 지방: 0.00g | 탄수화물: 32.00g | 단백질: 0.00g,1
스파클링 파인애플의 칼로리는 몇이야?,(1인분)  (355ml)당 - 칼로리: 110kcal | 지방: 0.00g | 탄수화물: 27.00g | 단백질: 0.00g,1
스파클링 패션후르츠의 칼로리는 몇이야?,(1인분)  (355ml)당 - 칼로리: 145kcal | 지방: 0.00g | 탄수화물: 36.00g | 단백질: 0.00g,1
스프라이트 (210ml)의 칼로리는 몇이야?,(1캔)(210ml)당 - 칼로리: 100kcal | 지방: 0.00g | 탄수화물: 25.00g | 단백질: 0.00g,1
스프라이트 (250ml)의 칼로리는 몇이야?,(1캔)(250ml)당 - 칼로리: 112kcal | 지방: 0.00g | 탄수화물: 28.00g | 단백질: 0.00g,1
시그니춰 썬스위트 건자두의 칼로리는 몇이야?,(100g)당 - 칼로리: 234kcal | 지방: 0.00g | 탄수화물: 61.00g | 단백질: 2.00g,1
시그니춰 쓰리베리 블렌드의 칼로리는 몇이야?,(100g)당 - 칼로리: 55kcal | 지방: 0.00g | 탄수화물: 14.00g | 단백질: 1.00g,1
시금치나물의 칼로리는 몇이야?,1 소접시당 - 칼로리: 57kcal | 지방: 3.08g | 탄수화물: 6.16g | 단백질: 2.74g,1
시래기나물의 칼로리는 몇이야?,1 소접시당 - 칼로리: 71kcal | 지방: 4.45g | 탄수화물: 6.39g | 단백질: 3.13g,1
시래기의 칼로리는 몇이야?,(100g)  당 - 칼로리: 32kcal | 지방: 0.75g | 탄수화물: 5.71g | 단백질: 1.66g,1
식물성유산균 레드&오메가의 칼로리는 몇이야?,1회 (130ml)당 - 칼로리: 70kcal | 지방: 1.90g | 탄수화물: 16.00g | 단백질: 1.00g,1
식물성유산균 위&캡슐의 칼로리는 몇이야?,(1인분)  (130ml)당 - 칼로리: 65kcal | 지방: 0.60g | 탄수화물: 15.00g | 단백질: 1.00g,1
식사용 와인의 칼로리는 몇이야?,1 150ml 잔당 - 칼로리: 124kcal | 지방: 0.00g | 탄수화물: 4.03g | 단백질: 0.10g,1
식이섬유 오렌지&망고의 칼로리는 몇이야?,1병 (300ml)당 - 칼로리: 140kcal | 지방: 0.00g | 탄수화물: 37.00g | 단백질: 0.50g,1
식초에 절인 청어의 칼로리는 몇이야?,1 조각당 - 칼로리: 39kcal | 지방: 2.70g | 탄수화물: 1.45g | 단백질: 2.13g,1
심플하게 티 밀크티의 칼로리는 몇이야?,1병 (275g)당 - 칼로리: 185kcal | 지방: 7.00g | 탄수화물: 25.00g | 단백질: 6.00g,1
싸이버거의 칼로리는 몇이야?,1개 (200g)당 - 칼로리: 506kcal | 지방: 6.00g | 탄수화물: 90.00g | 단백질: 23.00g,1
쌍쌍 맛살의 칼로리는 몇이야?,(100g)당 - 칼로리: 100kcal | 지방: 0.70g | 탄수화물: 13.00g | 단백질: 10.00g,1
써니텐 파인애플향의 칼로리는 몇이야?,(1컵) (200ml)당 - 칼로리: 108kcal | 지방: 0.00g | 탄수화물: 27.00g | 단백질: 0.00g,1
썬골드키위의 칼로리는 몇이야?,(1인분)  (90g)당 - 칼로리: 48kcal | 지방: 0.30g | 탄수화물: 10.00g | 단백질: 0.80g,1
썬업 과일야채샐러드 녹황의 칼로리는 몇이야?,(1인분)  (200g)당 - 칼로리: 84kcal | 지방: 0.00g | 탄수화물: 20.00g | 단백질: 1.00g,1
썬업 과일야채샐러드 레드의 칼로리는 몇이야?,1회 (200g)당 - 칼로리: 83kcal | 지방: 0.00g | 탄수화물: 20.00g | 단백질: 1.00g,1
쏘이버거 패티의 칼로리는 몇이야?,(100g)당 - 칼로리: 235kcal | 지방: 8.00g | 탄수화물: 27.00g | 단백질: 13.00g,1
쏠+의 칼로리는 몇이야?,(1캔)(250ml)당 - 칼로리: 105kcal | 지방: 0.00g | 탄수화물: 25.00g | 단백질: 0.00g,1
씨프로틴의 칼로리는 몇이야?,(1인분)  (100g)당 - 칼로리: 85kcal | 지방: 0.00g | 탄수화물: 9.60g | 단백질: 12.00g,1
아귀찜의 칼로리는 몇이야?,(1인분)당 - 칼로리: 516kcal | 지방: 18.92g | 탄수화물: 46.04g | 단백질: 43.13g,1
아데스 오리지널의 칼로리는 몇이야?,(1인분)  (210ml)당 - 칼로리: 50kcal | 지방: 2.40g | 탄수화물: 6.00g | 단백질: 1.00g,1
아란시아타의 칼로리는 몇이야?,(1인분)  (330ml)당 - 칼로리: 117kcal | 지방: 1.00g | 탄수화물: 26.00g | 단백질: 1.00g,1
아람드리 포도의 칼로리는 몇이야?,1팩 (138ml)당 - 칼로리: 55kcal | 지방: 0.00g | 탄수화물: 14.00g | 단백질: 0.00g,1
아로니아의 칼로리는 몇이야?,(100g)  당 - 칼로리: 52kcal | 지방: 0.31g | 탄수화물: 12.67g | 단백질: 1.38g,1
아마존시크릿 아사이베리의 칼로리는 몇이야?,(1컵) (250ml)당 - 칼로리: 30kcal | 지방: 0.00g | 탄수화물: 7.00g | 단백질: 0.00g,1
아메리칸 타입 포도의 칼로리는 몇이야?,1 송이당 - 칼로리: 2kcal | 지방: 0.01g | 탄수화물: 0.41g | 단백질: 0.02g,1
아몬드 와플의 칼로리는 몇이야?,1봉 (18g)당 - 칼로리: 90kcal | 지방: 4.70g | 탄수화물: 11.00g | 단백질: 1.00g,1
아시아 배의 칼로리는 몇이야?,(1개) 크기 5.5 cm x 지름 6.5 cm당 - 칼로리: 51kcal | 지방: 0.28g | 탄수화물: 12.99g | 단백질: 0.61g,1
아오리사과의 칼로리는 몇이야?,(1개)당 - 칼로리: 132kcal | 지방: 0.42g | 탄수화물: 34.88g | 단백질: 0.65g,1
아이리쉬포테이토피자의 칼로리는 몇이야?,2조각 (176g)당 - 칼로리: 460kcal | 지방: 12.00g | 탄수화물: 68.00g | 단백질: 20.00g,1
아임그린 셀러리의 칼로리는 몇이야?,(1인분)  (150ml)당 - 칼로리: 70kcal | 지방: 0.00g | 탄수화물: 17.00g | 단백질: 1.00g,1
아임리얼 시트러스러브의 칼로리는 몇이야?,1회 (190ml)당 - 칼로리: 80kcal | 지방: 0.00g | 탄수화물: 20.00g | 단백질: 1.00g,1
아임소다다의 칼로리는 몇이야?,100ml당 - 칼로리: 44kcal | 지방: 0.00g | 탄수화물: 11.00g | 단백질: 0.00g,1
아침에사과의 칼로리는 몇이야?,1병 (180ml)당 - 칼로리: 108kcal | 지방: 0.00g | 탄수화물: 27.00g | 단백질: 0.00g,1
아쿠아온260의 칼로리는 몇이야?,(1캔)(240ml)당 - 칼로리: 30kcal | 지방: 0.00g | 탄수화물: 8.00g | 단백질: 0.00g,1
아티제 얼그레이 티라떼의 칼로리는 몇이야?,(1인분)  (500ml)당 - 칼로리: 176kcal | 지방: 2.70g | 탄수화물: 35.00g | 단백질: 3.00g,1
안심 페퍼의 칼로리는 몇이야?,(100g)당 - 칼로리: 115kcal | 지방: 2.10g | 탄수화물: 3.00g | 단백질: 21.00g,1
안심오븐구이 페퍼의 칼로리는 몇이야?,(100g)당 - 칼로리: 115kcal | 지방: 2.10g | 탄수화물: 3.00g | 단백질: 21.00g,1
알라스카 연어캔의 칼로리는 몇이야?,(100g)당 - 칼로리: 215kcal | 지방: 21.00g | 탄수화물: 0.00g | 단백질: 15.00g,1
알로에 오리지널의 칼로리는 몇이야?,(1컵) (200ml)당 - 칼로리: 85kcal | 지방: 0.00g | 탄수화물: 21.00g | 단백질: 0.00g,1
알로에 화이바의 칼로리는 몇이야?,(1컵) (250ml)당 - 칼로리: 85kcal | 지방: 0.00g | 탄수화물: 21.00g | 단백질: 0.00g,1
알로에의 칼로리는 몇이야?,1병 (180ml)당 - 칼로리: 60kcal | 지방: 0.00g | 탄수화물: 15.00g | 단백질: 0.00g,1
알룰로스 홍초 포도의 칼로리는 몇이야?,1회 (25ml)당 - 칼로리: 15kcal | 지방: 0.00g | 탄수화물: 7.00g | 단백질: 0.00g,1
알밥의 칼로리는 몇이야?,(1인분)당 - 칼로리: 392kcal | 지방: 6.16g | 탄수화물: 65.21g | 단백질: 20.77g,1
알찬콩두유 제주검은콩의 칼로리는 몇이야?,1병 (200ml)당 - 칼로리: 140kcal | 지방: 6.00g | 탄수화물: 14.00g | 단백질: 7.00g,1
애플망고의 칼로리는 몇이야?,(1개)당 - 칼로리: 142kcal | 지방: 0.58g | 탄수화물: 37.01g | 단백질: 1.05g,1
앵두의 칼로리는 몇이야?,(100g)당 - 칼로리: 29kcal | 지방: 0.00g | 탄수화물: 7.00g | 단백질: 0.60g,1
야생 대서양 연어의 칼로리는 몇이야?,(100g)  당 - 칼로리: 142kcal | 지방: 6.34g | 탄수화물: 0.0g | 단백질: 19.84g,1
야생 무지개 송어의 칼로리는 몇이야?,(1마리)당 - 칼로리: 189kcal | 지방: 5.50g | 탄수화물: 0.00g | 단백질: 32.56g,1
양미리의 칼로리는 몇이야?,(100g)  당 - 칼로리: 123kcal | 지방: 3.43g | 탄수화물: 0g | 단백질: 21.49g,1
양상추 샐러드의 칼로리는 몇이야?,(100g)  당 - 칼로리: 68kcal | 지방: 3.66g | 탄수화물: 8.84g | 단백질: 1.45g,1
양장피의 칼로리는 몇이야?,(1인분)당 - 칼로리: 301kcal | 지방: 9.93g | 탄수화물: 33.57g | 단백질: 18.53g,1
어묵꼬치의 칼로리는 몇이야?,(1개)당 - 칼로리: 96kcal | 지방: 4.71g | 탄수화물: 6.42g | 단백질: 6.42g,1
어묵볶음의 칼로리는 몇이야?,1 소접시당 - 칼로리: 137kcal | 지방: 5.39g | 탄수화물: 15.62g | 단백질: 7.91g,1
어묵의 칼로리는 몇이야?,1 조각 또는 장당 - 칼로리: 241kcal | 지방: 12.59g | 탄수화물: 14.86g | 단백질: 16.38g,1
어묵조림의 칼로리는 몇이야?,(1인분)당 - 칼로리: 186kcal | 지방: 5.77g | 탄수화물: 29.19g | 단백질: 7.54g,1
어묵튀김의 칼로리는 몇이야?,(1개)당 - 칼로리: 165kcal | 지방: 9.26g | 탄수화물: 7.82g | 단백질: 11.89g,1
어죽의 칼로리는 몇이야?,(1인분)당 - 칼로리: 134kcal | 지방: 1.72g | 탄수화물: 11.26g | 단백질: 17.23g,1
얼라이브의 칼로리는 몇이야?,1병 (350ml)당 - 칼로리: 131kcal | 지방: 0.00g | 탄수화물: 32.00g | 단백질: 0.80g,1
에그 와플의 칼로리는 몇이야?,(1인분)  (44g)당 - 칼로리: 209kcal | 지방: 12.70g | 탄수화물: 20.50g | 단백질: 3.30g,1
연시의 칼로리는 몇이야?,(1개)당 - 칼로리: 79kcal | 지방: 0.22g | 탄수화물: 21.05g | 단백질: 0.66g,1
연어 아부리의 칼로리는 몇이야?,(1인분) (300g)당 - 칼로리: 343kcal | 지방: 8.55g | 탄수화물: 35.30g | 단백질: 27.68g,1
연어 요리의 칼로리는 몇이야?,1 중간크기 연어스테이크당 - 칼로리: 197kcal | 지방: 6.11g | 탄수화물: 0.00g | 단백질: 33.30g,1
연어 통조림의 칼로리는 몇이야?,(100g)  당 - 칼로리: 144kcal | 지방: 6.28g | 탄수화물: 0.0g | 단백질: 20.57g,1
연어구이의 칼로리는 몇이야?,(100g)  당 - 칼로리: 171kcal | 지방: 7.56g | 탄수화물: 0.49g | 단백질: 23.97g,1
연어너겟의 칼로리는 몇이야?,1회 (30g)당 - 칼로리: 50kcal | 지방: 1.20g | 탄수화물: 5.00g | 단백질: 4.00g,1
연어샐러드의 칼로리는 몇이야?,(1인분)당 - 칼로리: 192kcal | 지방: 10.84g | 탄수화물: 11.82g | 단백질: 12.21g,1
연어스테이크의 칼로리는 몇이야?,(100g)  당 - 칼로리: 197kcal | 지방: 11.68g | 탄수화물: 0g | 단백질: 21.43g,1
연어의 칼로리는 몇이야?,(100g)  당 - 칼로리: 183kcal | 지방: 10.85g | 탄수화물: 0.0g | 단백질: 19.9g,1
열대 과일 샐러드의 칼로리는 몇이야?,(1컵)당 - 칼로리: 221kcal | 지방: 0.26g | 탄수화물: 57.47g | 단백질: 1.05g,1
열매의 칼로리는 몇이야?,(1컵)당 - 칼로리: 48kcal | 지방: 0.43g | 탄수화물: 11.49g | 단백질: 0.98g,1
열무김치의 칼로리는 몇이야?,(1인분)당 - 칼로리: 12kcal | 지방: 0.10g | 탄수화물: 2.61g | 단백질: 0.56g,1
열빙어의 칼로리는 몇이야?,(100g)  당 - 칼로리: 92kcal | 지방: 2.29g | 탄수화물: 0g | 단백질: 16.64g,1
오늘도 깔라만시의 칼로리는 몇이야?,100ml당 - 칼로리: 35kcal | 지방: 0.00g | 탄수화물: 8.40g | 단백질: 0.31g,1
오뎅의 칼로리는 몇이야?,(100g)  당 - 칼로리: 135kcal | 지방: 6.05g | 탄수화물: 11.69g | 단백질: 7.80g,1
오디의 칼로리는 몇이야?,10 개당 - 칼로리: 6kcal | 지방: 0.06g | 탄수화물: 1.47g | 단백질: 0.22g,1
오라떼 애플의 칼로리는 몇이야?,(1인분)  (240ml)당 - 칼로리: 80kcal | 지방: 0.00g | 탄수화물: 19.00g | 단백질: 0.00g,1
오란씨 깔라만시의 칼로리는 몇이야?,(1캔)(250ml)당 - 칼로리: 55kcal | 지방: 0.00g | 탄수화물: 12.00g | 단백질: 0.00g,1
오렌지 드링크의 칼로리는 몇이야?,1팩 (190ml)당 - 칼로리: 60kcal | 지방: 0.00g | 탄수화물: 15.00g | 단백질: 0.00g,1
오렌지 소다의 칼로리는 몇이야?,1 캔 또는 병 (350 ml)당 - 칼로리: 179kcal | 지방: 0.00g | 탄수화물: 45.76g | 단백질: 0.00g,1
오렌지 스파클링 에이드의 칼로리는 몇이야?,1회 (250ml)당 - 칼로리: 105kcal | 지방: 0.00g | 탄수화물: 26.00g | 단백질: 0.00g,1
오렌지100 오리지널의 칼로리는 몇이야?,1회 (200ml)당 - 칼로리: 90kcal | 지방: 0.00g | 탄수화물: 21.00g | 단백질: 1.00g,1
오렌지드링크 (240ml)의 칼로리는 몇이야?,1회 (240ml)당 - 칼로리: 60kcal | 지방: 0.00g | 탄수화물: 15.00g | 단백질: 0.00g,1
오렌지에이드의 칼로리는 몇이야?,100 ml  당 - 칼로리: 52kcal | 지방: 0.07g | 탄수화물: 12.98g | 단백질: 0.00g,1
오렌지의 칼로리는 몇이야?,(1개)당 - 칼로리: 62kcal | 지방: 0.16g | 탄수화물: 15.39g | 단백질: 1.23g,1
오렌지주스의 칼로리는 몇이야?,1회 (180ml)당 - 칼로리: 85kcal | 지방: 0.00g | 탄수화물: 21.00g | 단백질: 0.00g,1
오렌지쥬스의 칼로리는 몇이야?,(1인분)  (250ml)당 - 칼로리: 132kcal | 지방: 0.00g | 탄수화물: 23.00g | 단백질: 2.00g,1
오르조 가바의 칼로리는 몇이야?,(1인분)  (370ml)당 - 칼로리: 30kcal | 지방: 0.00g | 탄수화물: 8.00g | 단백질: 0.00g,1
오리지날 벨기에 와플의 칼로리는 몇이야?,1개 (50g)당 - 칼로리: 221kcal | 지방: 11.10g | 탄수화물: 27.60g | 단백질: 2.50g,1
오리지널 망고의 칼로리는 몇이야?,(1캔)(180ml)당 - 칼로리: 95kcal | 지방: 0.00g | 탄수화물: 23.00g | 단백질: 0.00g,1
오리지널 매실의 칼로리는 몇이야?,(1캔)(180ml)당 - 칼로리: 100kcal | 지방: 0.00g | 탄수화물: 25.00g | 단백질: 0.00g,1
오리지널 알로에의 칼로리는 몇이야?,(1캔)(180ml)당 - 칼로리: 75kcal | 지방: 0.00g | 탄수화물: 18.00g | 단백질: 0.00g,1
오리지널 포도의 칼로리는 몇이야?,1병 (180ml)당 - 칼로리: 80kcal | 지방: 0.00g | 탄수화물: 20.00g | 단백질: 0.00g,1
오리진에이드 자몽의 칼로리는 몇이야?,(1컵) (200ml)당 - 칼로리: 76kcal | 지방: 0.00g | 탄수화물: 19.00g | 단백질: 0.00g,1
오미자의 칼로리는 몇이야?,(100g)  당 - 칼로리: 22kcal | 지방: 0.10g | 탄수화물: 5.39g | 단백질: 0.27g,1
오븐구이어묵 매콤고추의 칼로리는 몇이야?,1조각 (80g)당 - 칼로리: 80kcal | 지방: 0.00g | 탄수화물: 7.00g | 단백질: 7.00g,1
오븐구이어묵 오리지널의 칼로리는 몇이야?,(1인분)  (80g)당 - 칼로리: 80kcal | 지방: 0.00g | 탄수화물: 6.00g | 단백질: 8.00g,1
오븐에 구운 벨기에 와플의 칼로리는 몇이야?,(1인분) 당 - 칼로리: 147kcal | 지방: 7.00g | 탄수화물: 19.00g | 단백질: 2.00g,1
오야코동의 칼로리는 몇이야?,(1인분)당 - 칼로리: 647kcal | 지방: 5.90g | 탄수화물: 116.46g | 단백질: 24.59g,1
오이냉국의 칼로리는 몇이야?,1 대접당 - 칼로리: 15kcal | 지방: 0.08g | 탄수화물: 3.15g | 단백질: 0.97g,1
오이무침의 칼로리는 몇이야?,(1인분)당 - 칼로리: 45kcal | 지방: 1.63g | 탄수화물: 8.11g | 단백질: 1.66g,1
오이소박이의 칼로리는 몇이야?,(1인분)당 - 칼로리: 27kcal | 지방: 0.38g | 탄수화물: 5.39g | 단백질: 1.41g,1
오징어 튀김의 칼로리는 몇이야?,1 조각당 - 칼로리: 12kcal | 지방: 0.21g | 탄수화물: 0.96g | 단백질: 1.47g,1
오징어의 칼로리는 몇이야?,(100g)  당 - 칼로리: 92kcal | 지방: 1.38g | 탄수화물: 3.08g | 단백질: 15.58g,1
오징어젓갈의 칼로리는 몇이야?,(100g)당 - 칼로리: 102kcal | 지방: 0.30g | 탄수화물: 11.70g | 단백질: 13.20g,1
오징어채볶음의 칼로리는 몇이야?,(1인분)당 - 칼로리: 122kcal | 지방: 4.36g | 탄수화물: 8.56g | 단백질: 12.09g,1
옥돔구이의 칼로리는 몇이야?,(1인분)당 - 칼로리: 260kcal | 지방: 8.02g | 탄수화물: 0.41g | 단백질: 43.53g,1
옥돔의 칼로리는 몇이야?,(100g)  당 - 칼로리: 101kcal | 지방: 2.86g | 탄수화물: 0g | 단백질: 17.55g,1
올라이트 뮤즐리의 칼로리는 몇이야?,1팩 (300g)당 - 칼로리: 1125kcal | 지방: 27.00g | 탄수화물: 207.00g | 단백질: 25.00g,1
올리브유로 구운김의 칼로리는 몇이야?,1봉지 (5g)당 - 칼로리: 30kcal | 지방: 2.00g | 탄수화물: 1.50g | 단백질: 1.50g,1
와 딸기바나나의 칼로리는 몇이야?,(1인분)  (190ml)당 - 칼로리: 165kcal | 지방: 1.00g | 탄수화물: 37.00g | 단백질: 1.70g,1
와 수박의 칼로리는 몇이야?,(1인분)  (190ml)당 - 칼로리: 135kcal | 지방: 0.80g | 탄수화물: 32.00g | 단백질: 0.40g,1
와규 눈꽃 스테이크의 칼로리는 몇이야?,(100g)당 - 칼로리: 249kcal | 지방: 10.65g | 탄수화물: 24.21g | 단백질: 13.97g,1
와규 앤 비스테카 씬 L의 칼로리는 몇이야?,2조각 (179g)당 - 칼로리: 477kcal | 지방: 12.00g | 탄수화물: 15.00g | 단백질: 23.00g,1
와규 파스트라미의 칼로리는 몇이야?,(100g)당 - 칼로리: 210kcal | 지방: 12.00g | 탄수화물: 0.70g | 단백질: 24.00g,1
와의 칼로리는 몇이야?,1개 (190ml)당 - 칼로리: 170kcal | 지방: 5.00g | 탄수화물: 31.00g | 단백질: 0.00g,1
와클의 칼로리는 몇이야?,1봉지 (76g)당 - 칼로리: 377kcal | 지방: 17.00g | 탄수화물: 51.00g | 단백질: 5.00g,1
와퍼 패티의 칼로리는 몇이야?,(1인분)  (82g)당 - 칼로리: 223kcal | 지방: 7.00g | 탄수화물: 0.00g | 단백질: 16.00g,1
와퍼의 칼로리는 몇이야?,1개 (278g)당 - 칼로리: 619kcal | 지방: 34.00g | 탄수화물: 48.00g | 단백질: 29.00g,1
와퍼주니어의 칼로리는 몇이야?,1개 (158g)당 - 칼로리: 399kcal | 지방: 22.00g | 탄수화물: 33.00g | 단백질: 17.00g,1
와플 바닐라의 칼로리는 몇이야?,1회 (140ml)당 - 칼로리: 195kcal | 지방: 8.00g | 탄수화물: 27.00g | 단백질: 3.00g,1
와플 위드 바닐라크림의 칼로리는 몇이야?,1회 (50g)당 - 칼로리: 194kcal | 지방: 6.00g | 탄수화물: 33.00g | 단백질: 2.00g,1
와플 카페의 칼로리는 몇이야?,1개 (140ml)당 - 칼로리: 220kcal | 지방: 12.00g | 탄수화물: 26.00g | 단백질: 3.00g,1
와플 통팥의 칼로리는 몇이야?,1개 (140ml)당 - 칼로리: 230kcal | 지방: 5.00g | 탄수화물: 41.00g | 단백질: 4.00g,1
와플의 칼로리는 몇이야?,(1인분)  (48g)당 - 칼로리: 121kcal | 지방: 9.00g | 탄수화물: 15.00g | 단백질: 2.00g,1
왔닥의 칼로리는 몇이야?,(100g)당 - 칼로리: 85kcal | 지방: 0.00g | 탄수화물: 9.60g | 단백질: 12.00g,1
왕새우의 칼로리는 몇이야?,(100g)  당 - 칼로리: 72kcal | 지방: 0.97g | 탄수화물: 0.0g | 단백질: 14.85g,1
용과의 칼로리는 몇이야?,(100g)  당 - 칼로리: 51kcal | 지방: 0.38g | 탄수화물: 12.38g | 단백질: 0.78g,1
우럭매운탕의 칼로리는 몇이야?,(1인분)당 - 칼로리: 150kcal | 지방: 5.10g | 탄수화물: 4.12g | 단백질: 21.53g,1
우럭의 칼로리는 몇이야?,(100g)  당 - 칼로리: 94kcal | 지방: 1.57g | 탄수화물: 0.0g | 단백질: 18.75g,1
우럭회의 칼로리는 몇이야?,(1인분)당 - 칼로리: 72kcal | 지방: 1.57g | 탄수화물: 0g | 단백질: 13.59g,1
우렁의 칼로리는 몇이야?,(100g)  당 - 칼로리: 73kcal | 지방: 0.71g | 탄수화물: 2.78g | 단백질: 12.85g,1
우리두유 부드러운 바나나의 칼로리는 몇이야?,1팩 (190g)당 - 칼로리: 135kcal | 지방: 4.40g | 탄수화물: 17.00g | 단백질: 7.00g,1
우리밀로 만든 와플의 칼로리는 몇이야?,1봉지 (21g)당 - 칼로리: 105kcal | 지방: 4.70g | 탄수화물: 14.00g | 단백질: 2.00g,1
월남쌈의 칼로리는 몇이야?,(1개)당 - 칼로리: 82kcal | 지방: 1.16g | 탄수화물: 12.49g | 단백질: 5.28g,1
웰치 그레이프맛의 칼로리는 몇이야?,(1캔)(355ml)당 - 칼로리: 192kcal | 지방: 0.00g | 탄수화물: 48.00g | 단백질: 0.00g,1
웰치스 스트로베리의 칼로리는 몇이야?,(1인분)  (355ml)당 - 칼로리: 192kcal | 지방: 0.00g | 탄수화물: 48.00g | 단백질: 0.00g,1
웰치스의 칼로리는 몇이야?,(1캔)(355g)당 - 칼로리: 184kcal | 지방: 0.00g | 탄수화물: 46.00g | 단백질: 0.00g,1
유기농 콤부차의 칼로리는 몇이야?,(1인분)  (315ml)당 - 칼로리: 69kcal | 지방: 0.00g | 탄수화물: 6.00g | 단백질: 0.00g,1
유럽 타입 포도의 칼로리는 몇이야?,1 알 씨없음당 - 칼로리: 3kcal | 지방: 0.01g | 탄수화물: 0.90g | 단백질: 0.04g,1
유산슬의 칼로리는 몇이야?,(1인분)당 - 칼로리: 201kcal | 지방: 11.97g | 탄수화물: 7.34g | 단백질: 15.16g,1
육회의 칼로리는 몇이야?,1 접시당 - 칼로리: 101kcal | 지방: 4.38g | 탄수화물: 2.13g | 단백질: 12.56g,1
이온더핏의 칼로리는 몇이야?,1병 (500ml)당 - 칼로리: 40kcal | 지방: 0.00g | 탄수화물: 10.00g | 단백질: 0.00g,1
이프로 아쿠아의 칼로리는 몇이야?,1회 (250ml)당 - 칼로리: 65kcal | 지방: 0.00g | 탄수화물: 16.00g | 단백질: 0.00g,1
일반 또는 석쇠구이 생선의 칼로리는 몇이야?,1 쪽  필당 - 칼로리: 142kcal | 지방: 3.89g | 탄수화물: 0.37g | 단백질: 24.79g,1
일반 와플의 칼로리는 몇이야?,1 조각 원형 (지름 10 cm)(냉동 포함)당 - 칼로리: 121kcal | 지방: 3.72g | 탄수화물: 19.05g | 단백질: 2.85g,1
임연수의 칼로리는 몇이야?,(100g)  당 - 칼로리: 162kcal | 지방: 8.80g | 탄수화물: 0g | 단백질: 19.07g,1
자두의 칼로리는 몇이야?,(1개)당 - 칼로리: 24kcal | 지방: 0.15g | 탄수화물: 5.97g | 단백질: 0.37g,1
자몽 드링크의 칼로리는 몇이야?,(1캔)(180ml)당 - 칼로리: 80kcal | 지방: 0.00g | 탄수화물: 20.00g | 단백질: 0.00g,1
자몽메들리컵의 칼로리는 몇이야?,(1컵) (198g)당 - 칼로리: 140kcal | 지방: 0.00g | 탄수화물: 34.00g | 단백질: 1.00g,1
자몽소다의 칼로리는 몇이야?,1회 (350ml)당 - 칼로리: 180kcal | 지방: 0.00g | 탄수화물: 45.00g | 단백질: 0.00g,1
자몽에 꿀 한스푼의 칼로리는 몇이야?,(1캔)(240ml)당 - 칼로리: 30kcal | 지방: 0.90g | 탄수화물: 15.00g | 단백질: 0.00g,1
자몽에이드의 칼로리는 몇이야?,1회 (350ml)당 - 칼로리: 158kcal | 지방: 0.00g | 탄수화물: 39.00g | 단백질: 1.00g,1
자몽의 칼로리는 몇이야?,1/2 통 중간크기당 - 칼로리: 41kcal | 지방: 0.13g | 탄수화물: 10.34g | 단백질: 0.81g,1
자몽차의 칼로리는 몇이야?,1스푼 (30g)당 - 칼로리: 70kcal | 지방: 0.00g | 탄수화물: 17.00g | 단백질: 0.00g,1
자몽컵의 칼로리는 몇이야?,1회 (227g)당 - 칼로리: 123kcal | 지방: 1.00g | 탄수화물: 29.50g | 단백질: 1.20g,1
자반의 칼로리는 몇이야?,(100g)  당 - 칼로리: 305kcal | 지방: 25.1g | 탄수화물: 0.0g | 단백질: 18.5g,1
자연은 140일 청포도의 칼로리는 몇이야?,(1컵) (200ml)당 - 칼로리: 110kcal | 지방: 0.00g | 탄수화물: 28.00g | 단백질: 0.00g,1
자연은 90일 토마토의 칼로리는 몇이야?,1페트 (340ml)당 - 칼로리: 150kcal | 지방: 1.10g | 탄수화물: 35.00g | 단백질: 1.00g,1
자연은 내사랑 토마토의 칼로리는 몇이야?,(1캔)(180ml)당 - 칼로리: 65kcal | 지방: 0.70g | 탄수화물: 16.00g | 단백질: 0.00g,1
자연은 포도100의 칼로리는 몇이야?,(1인분)  (180ml)당 - 칼로리: 90kcal | 지방: 0.00g | 탄수화물: 23.00g | 단백질: 0.00g,1
잔치국수의 칼로리는 몇이야?,(1인분)당 - 칼로리: 447kcal | 지방: 3.94g | 탄수화물: 83.16g | 단백질: 20.78g,1
잔치집 식혜 (340ml)의 칼로리는 몇이야?,(1인분)  (340ml)당 - 칼로리: 180kcal | 지방: 0.00g | 탄수화물: 44.00g | 단백질: 1.00g,1
잡곡밥의 칼로리는 몇이야?,1 공기당 - 칼로리: 340kcal | 지방: 1.98g | 탄수화물: 73.47g | 단백질: 8.82g,1
잡탕밥의 칼로리는 몇이야?,(1인분)당 - 칼로리: 518kcal | 지방: 18.65g | 탄수화물: 61.45g | 단백질: 28.39g,1
장어구이의 칼로리는 몇이야?,1 조각당 - 칼로리: 45kcal | 지방: 2.62g | 탄수화물: 1.19g | 단백질: 3.92g,1
장어의 칼로리는 몇이야?,(100g)  당 - 칼로리: 107kcal | 지방: 2.93g | 탄수화물: 0g | 단백질: 19.24g,1
잭프루트의 칼로리는 몇이야?,(100g)  당 - 칼로리: 94kcal | 지방: 0.3g | 탄수화물: 24.01g | 단백질: 1.47g,1
적포도의 칼로리는 몇이야?,(100g)  당 - 칼로리: 70kcal | 지방: 0.16g | 탄수화물: 18.30g | 단백질: 0.69g,1
전복의 칼로리는 몇이야?,(100g)  당 - 칼로리: 79kcal | 지방: 0.57g | 탄수화물: 4.52g | 단백질: 12.86g,1
전어구이의 칼로리는 몇이야?,(100g)  당 - 칼로리: 169kcal | 지방: 9.98g | 탄수화물: 2.45g | 단백질: 16.24g,1
전어회의 칼로리는 몇이야?,(100g)  당 - 칼로리: 157kcal | 지방: 8.48g | 탄수화물: 0g | 단백질: 19.06g,1
정성껏 빚은 식혜의 칼로리는 몇이야?,(1인분)  (238ml)당 - 칼로리: 85kcal | 지방: 0.00g | 탄수화물: 21.00g | 단백질: 1.00g,1
제로 와플 코코넛의 칼로리는 몇이야?,1조각 (48g)당 - 칼로리: 121kcal | 지방: 9.00g | 탄수화물: 9.00g | 단백질: 2.00g,1
제로 와플의 칼로리는 몇이야?,(1인분)  (48g)당 - 칼로리: 121kcal | 지방: 9.00g | 탄수화물: 15.00g | 단백질: 3.10g,1
제로사이다의 칼로리는 몇이야?,100ml당 - 칼로리: 0kcal | 지방: 0.00g | 탄수화물: 1.00g | 단백질: 0.00g,1
제로수의 칼로리는 몇이야?,100ml당 - 칼로리: 85kcal | 지방: 0.00g | 탄수화물: 20.00g | 단백질: 0.00g,1
제주 청귤차의 칼로리는 몇이야?,(1컵) (100g)당 - 칼로리: 230kcal | 지방: 0.30g | 탄수화물: 57.00g | 단백질: 0.00g,1
제주감귤의 칼로리는 몇이야?,(1컵) (200ml)당 - 칼로리: 96kcal | 지방: 0.00g | 탄수화물: 24.00g | 단백질: 0.00g,1
제주사랑감귤사랑의 칼로리는 몇이야?,1병 (180ml)당 - 칼로리: 60kcal | 지방: 0.00g | 탄수화물: 15.00g | 단백질: 0.00g,1
조개구이의 칼로리는 몇이야?,(100g)  당 - 칼로리: 138kcal | 지방: 6.86g | 탄수화물: 3.15g | 단백질: 14.95g,1
조개의 칼로리는 몇이야?,(1개) 작은것당 - 칼로리: 7kcal | 지방: 0.09g | 탄수화물: 0.23g | 단백질: 1.15g,1
조기구이의 칼로리는 몇이야?,(1마리)당 - 칼로리: 83kcal | 지방: 2.53g | 탄수화물: 0.00g | 단백질: 14.18g,1
조이 사과의 칼로리는 몇이야?,(1캔)(240ml)당 - 칼로리: 52kcal | 지방: 0.00g | 탄수화물: 13.00g | 단백질: 0.00g,1
조이 오렌지 (240ml)의 칼로리는 몇이야?,(1캔)(240ml)당 - 칼로리: 56kcal | 지방: 0.00g | 탄수화물: 14.00g | 단백질: 0.00g,1
주꾸미볶음의 칼로리는 몇이야?,(1인분)당 - 칼로리: 565kcal | 지방: 21.36g | 탄수화물: 31.57g | 단백질: 61.60g,1
주꾸미의 칼로리는 몇이야?,(100g)  당 - 칼로리: 47kcal | 지방: 0.59g | 탄수화물: 1.26g | 단백질: 8.52g,1
주먹밥의 칼로리는 몇이야?,(1개)당 - 칼로리: 207kcal | 지방: 3.40g | 탄수화물: 37.94g | 단백질: 5.33g,1
쥐포의 칼로리는 몇이야?,(100g)  당 - 칼로리: 79kcal | 지방: 0.7g | 탄수화물: 0.82g | 단백질: 16.24g,1
쥐포튀김의 칼로리는 몇이야?,(100g)  당 - 칼로리: 152kcal | 지방: 6.49g | 탄수화물: 8.77g | 단백질: 13.86g,1
지코 오리지널의 칼로리는 몇이야?,1팩 (330ml)당 - 칼로리: 65kcal | 지방: 0.00g | 탄수화물: 16.00g | 단백질: 0.00g,1
직화홀릭바이트피자의 칼로리는 몇이야?,2조각 (161g)당 - 칼로리: 435kcal | 지방: 15.00g | 탄수화물: 52.00g | 단백질: 23.00g,1
진저 에일의 칼로리는 몇이야?,1 캔 또는 병 (350 ml)당 - 칼로리: 124kcal | 지방: 0.00g | 탄수화물: 32.10g | 단백질: 0.00g,1
진저에 레몬 한방울의 칼로리는 몇이야?,(1인분)  (240ml)당 - 칼로리: 30kcal | 지방: 0.00g | 탄수화물: 7.00g | 단백질: 0.00g,1
진판델 와인의 칼로리는 몇이야?,1 150ml 잔당 - 칼로리: 131kcal | 지방: 0.00g | 탄수화물: 4.20g | 단백질: 0.10g,1
진한장어탕의 칼로리는 몇이야?,(1인분)  (500g)당 - 칼로리: 200kcal | 지방: 8.00g | 탄수화물: 16.00g | 단백질: 17.00g,1
짜장밥의 칼로리는 몇이야?,(1인분)당 - 칼로리: 495kcal | 지방: 10.08g | 탄수화물: 85.86g | 단백질: 10.99g,1
쭈꾸미볶음의 칼로리는 몇이야?,(1인분)당 - 칼로리: 578kcal | 지방: 22.57g | 탄수화물: 29.61g | 단백질: 63.62g,1
찜닭의 칼로리는 몇이야?,(1인분)  (465g)당 - 칼로리: 871kcal | 지방: 19.00g | 탄수화물: 127.00g | 단백질: 48.00g,1
차요테의 칼로리는 몇이야?,(1컵)당 - 칼로리: 38kcal | 지방: 0.77g | 탄수화물: 8.14g | 단백질: 0.99g,1
찰밥의 칼로리는 몇이야?,1 공기당 - 칼로리: 321kcal | 지방: 1.47g | 탄수화물: 68.78g | 단백질: 6.49g,1
참다랑어의 칼로리는 몇이야?,(100g)  당 - 칼로리: 144kcal | 지방: 4.9g | 탄수화물: 0.0g | 단백질: 23.33g,1
참돔의 칼로리는 몇이야?,(100g)  당 - 칼로리: 105kcal | 지방: 2.73g | 탄수화물: 0g | 단백질: 18.90g,1
참치 구이의 칼로리는 몇이야?,(100g)  당 - 칼로리: 153kcal | 지방: 3.96g | 탄수화물: 0.41g | 단백질: 27.30g,1
참치 쏙 크라비아의 칼로리는 몇이야?,(1인분)  (135g)당 - 칼로리: 165kcal | 지방: 4.70g | 탄수화물: 19.00g | 단백질: 12.00g,1
참치 통조림의 칼로리는 몇이야?,(100g)  당 - 칼로리: 198kcal | 지방: 8.21g | 탄수화물: 0.0g | 단백질: 29.13g,1
참치쏙 크라비아의 칼로리는 몇이야?,(1인분)  (135g)당 - 칼로리: 165kcal | 지방: 4.70g | 탄수화물: 19.00g | 단백질: 12.00g,1
참치의 칼로리는 몇이야?,(100g)  당 - 칼로리: 108kcal | 지방: 0.95g | 탄수화물: 0.0g | 단백질: 23.38g,1
참치주먹밥의 칼로리는 몇이야?,(1개)당 - 칼로리: 198kcal | 지방: 2.93g | 탄수화물: 36.59g | 단백질: 5.56g,1
참치회덮밥의 칼로리는 몇이야?,(1인분)당 - 칼로리: 436kcal | 지방: 6.24g | 탄수화물: 53.30g | 단백질: 42.05g,1
찹쌀떡의 칼로리는 몇이야?,(1개)당 - 칼로리: 118kcal | 지방: 0.71g | 탄수화물: 25.27g | 단백질: 2.51g,1
천도복숭아의 칼로리는 몇이야?,(100g)  당 - 칼로리: 42kcal | 지방: 0.28g | 탄수화물: 10.04g | 단백질: 0.98g,1
천도의 칼로리는 몇이야?,(1개)당 - 칼로리: 60kcal | 지방: 0.44g | 탄수화물: 14.35g | 단백질: 1.44g,1
천연사이다의 칼로리는 몇이야?,(1캔)(190ml)당 - 칼로리: 70kcal | 지방: 0.00g | 탄수화물: 17.00g | 단백질: 0.00g,1
천혜향의 칼로리는 몇이야?,(1개)당 - 칼로리: 60kcal | 지방: 0.35g | 탄수화물: 15.09g | 단백질: 0.92g,1
청사과의 칼로리는 몇이야?,(1개) 중간크기당 - 칼로리: 72kcal | 지방: 0.23g | 탄수화물: 19.06g | 단백질: 0.36g,1
청양 파퍼의 칼로리는 몇이야?,(1인분) 당 - 칼로리: 178kcal | 지방: 15.50g | 탄수화물: 3.50g | 단백질: 6.50g,1
청어의 칼로리는 몇이야?,(100g)  당 - 칼로리: 195kcal | 지방: 13.88g | 탄수화물: 0.0g | 단백질: 16.39g,1
청포도샌드위치의 칼로리는 몇이야?,1개 (151g)당 - 칼로리: 285kcal | 지방: 15.00g | 탄수화물: 32.00g | 단백질: 6.00g,1
청포도의 칼로리는 몇이야?,1 알당 - 칼로리: 3kcal | 지방: 0.01g | 탄수화물: 0.90g | 단백질: 0.04g,1
청포묵의 칼로리는 몇이야?,(100g)  당 - 칼로리: 37kcal | 지방: 0.01g | 탄수화물: 8.94g | 단백질: 0.08g,1
체리에이드의 칼로리는 몇이야?,1병 (350ml)당 - 칼로리: 172kcal | 지방: 0.00g | 탄수화물: 43.00g | 단백질: 0.00g,1
체리의 칼로리는 몇이야?,(1개)당 - 칼로리: 5kcal | 지방: 0.02g | 탄수화물: 1.22g | 단백질: 0.08g,1
초밥의 칼로리는 몇이야?,(1개)당 - 칼로리: 37kcal | 지방: 0.11g | 탄수화물: 7.77g | 단백질: 1.12g,1
초정탄산라임의 칼로리는 몇이야?,100ml당 - 칼로리: 0kcal | 지방: 0.00g | 탄수화물: 0.00g | 단백질: 0.00g,1
초정탄산수의 칼로리는 몇이야?,100ml당 - 칼로리: 0kcal | 지방: 0.00g | 탄수화물: 0.00g | 단백질: 0.00g,1
초코&와플의 칼로리는 몇이야?,1봉 (21g)당 - 칼로리: 106kcal | 지방: 6.00g | 탄수화물: 12.00g | 단백질: 1.00g,1
총각김치의 칼로리는 몇이야?,(1인분)당 - 칼로리: 11kcal | 지방: 0.10g | 탄수화물: 2.35g | 단백질: 0.47g,1
쵸콜릿 씌운 과일의 칼로리는 몇이야?,1 알당 - 칼로리: 34kcal | 지방: 2.97g | 탄수화물: 2.08g | 단백질: 0.15g,1
추어탕의 칼로리는 몇이야?,(1인분)당 - 칼로리: 194kcal | 지방: 8.01g | 탄수화물: 3.54g | 단백질: 26.52g,1
충무김밥의 칼로리는 몇이야?,(1인분)당 - 칼로리: 526kcal | 지방: 0.97g | 탄수화물: 115.76g | 단백질: 9.77g,1
치즈김밥의 칼로리는 몇이야?,1 줄당 - 칼로리: 545kcal | 지방: 11.46g | 탄수화물: 91.76g | 단백질: 15.82g,1
치즈쏙크라비아의 칼로리는 몇이야?,(1인분)  (135g)당 - 칼로리: 140kcal | 지방: 1.80g | 탄수화물: 21.00g | 단백질: 10.00g,1
치즈오븐스파게티의 칼로리는 몇이야?,1그릇 (400g)당 - 칼로리: 550kcal | 지방: 8.00g | 탄수화물: 96.00g | 단백질: 24.00g,1
치즈크러스트의 칼로리는 몇이야?,1회 (80g)당 - 칼로리: 216kcal | 지방: 0.00g | 탄수화물: 0.00g | 단백질: 0.00g,1
치즈피자의 칼로리는 몇이야?,2조각 (146g)당 - 칼로리: 445kcal | 지방: 14.00g | 탄수화물: 68.00g | 단백질: 28.00g,1
치킨텐더의 칼로리는 몇이야?,1회 (172g)당 - 칼로리: 367kcal | 지방: 4.00g | 탄수화물: 1.70g | 단백질: 32.00g,1
칠성사이다 (300ml)의 칼로리는 몇이야?,1펫 (300ml)당 - 칼로리: 130kcal | 지방: 0.00g | 탄수화물: 32.00g | 단백질: 0.00g,1
칠성사이다 복숭아의 칼로리는 몇이야?,(1인분)  (500ml)당 - 칼로리: 215kcal | 지방: 0.00g | 탄수화물: 54.00g | 단백질: 0.00g,1
칠성사이다 제로의 칼로리는 몇이야?,(1인분)  (500ml)당 - 칼로리: 0kcal | 지방: 0.00g | 탄수화물: 8.00g | 단백질: 0.00g,1
칠성사이다의 칼로리는 몇이야?,100ml당 - 칼로리: 45kcal | 지방: 0.00g | 탄수화물: 11.00g | 단백질: 0.00g,1
카라멜 와플의 칼로리는 몇이야?,1회 (33g)당 - 칼로리: 150kcal | 지방: 6.00g | 탄수화물: 23.00g | 단백질: 1.00g,1
카베르네 소비뇽 와인의 칼로리는 몇이야?,1 150ml 잔당 - 칼로리: 123kcal | 지방: 0.00g | 탄수화물: 3.82g | 단백질: 0.10g,1
카카오닙스차의 칼로리는 몇이야?,1병 (500ml)당 - 칼로리: 0kcal | 지방: 0.00g | 탄수화물: 0.00g | 단백질: 0.00g,1
카프리썬 딸기키위맛의 칼로리는 몇이야?,1봉지 (200ml)당 - 칼로리: 96kcal | 지방: 0.00g | 탄수화물: 24.00g | 단백질: 0.00g,1
카프리썬 사파리의 칼로리는 몇이야?,1봉지 (200ml)당 - 칼로리: 60kcal | 지방: 0.00g | 탄수화물: 15.00g | 단백질: 0.00g,1
카프리썬 알라스카 아이스티의 칼로리는 몇이야?,1봉지 (200ml)당 - 칼로리: 60kcal | 지방: 0.00g | 탄수화물: 15.00g | 단백질: 0.00g,1
카프리썬 오렌지망고의 칼로리는 몇이야?,1봉지 (200ml)당 - 칼로리: 60kcal | 지방: 0.00g | 탄수화물: 15.00g | 단백질: 0.00g,1
카프리썬 오렌지의 칼로리는 몇이야?,100ml당 - 칼로리: 30kcal | 지방: 0.00g | 탄수화물: 7.50g | 단백질: 0.00g,1
카프리썬 오렌지트로피칼의 칼로리는 몇이야?,1봉지 (330ml)당 - 칼로리: 127kcal | 지방: 0.00g | 탄수화물: 30.70g | 단백질: 0.00g,1
칵테일새우의 칼로리는 몇이야?,1 새우와 소스당 - 칼로리: 20kcal | 지방: 0.18g | 탄수화물: 1.67g | 단백질: 2.51g,1
캐나다 드라이 진저에일의 칼로리는 몇이야?,(1캔)(250ml)당 - 칼로리: 80kcal | 지방: 0.00g | 탄수화물: 20.00g | 단백질: 0.00g,1
캐모마일 프레쉬의 칼로리는 몇이야?,(1인분)  (500ml)당 - 칼로리: 120kcal | 지방: 0.40g | 탄수화물: 29.00g | 단백질: 1.00g,1
커피 코카콜라 의 칼로리는 몇이야?,(1캔)(250ml)당 - 칼로리: 0kcal | 지방: 0.00g | 탄수화물: 0.00g | 단백질: 0.00g,1
코다리강정의 칼로리는 몇이야?,(1인분)당 - 칼로리: 500kcal | 지방: 25.18g | 탄수화물: 26.32g | 단백질: 41.01g,1
코다리의 칼로리는 몇이야?,(100g)  당 - 칼로리: 108kcal | 지방: 1.15g | 탄수화물: 0g | 단백질: 22.76g,1
코다리조림의 칼로리는 몇이야?,(1인분)당 - 칼로리: 219kcal | 지방: 5.14g | 탄수화물: 11.47g | 단백질: 29.08g,1
코다리찜의 칼로리는 몇이야?,(100g)  당 - 칼로리: 138kcal | 지방: 2.99g | 탄수화물: 5.74g | 단백질: 22.32g,1
코카콜라 오리지널의 칼로리는 몇이야?,1병 (500ml)당 - 칼로리: 216kcal | 지방: 0.00g | 탄수화물: 54.00g | 단백질: 0.00g,1
코코넛우유의 칼로리는 몇이야?,(1컵) (200ml)당 - 칼로리: 140kcal | 지방: 4.40g | 탄수화물: 21.00g | 단백질: 4.00g,1
코코넛의 칼로리는 몇이야?,(100g)  당 - 칼로리: 354kcal | 지방: 33.49g | 탄수화물: 15.23g | 단백질: 3.33g,1
코코리치 망고의 칼로리는 몇이야?,(1인분)  (340ml)당 - 칼로리: 110kcal | 지방: 0.00g | 탄수화물: 27.00g | 단백질: 0.00g,1
코코파인젤리의 칼로리는 몇이야?,1개 (250g)당 - 칼로리: 175kcal | 지방: 0.50g | 탄수화물: 42.00g | 단백질: 0.00g,1
코코팜의 칼로리는 몇이야?,(1인분)  (240ml)당 - 칼로리: 75kcal | 지방: 0.00g | 탄수화물: 19.00g | 단백질: 0.00g,1
코코포도의 칼로리는 몇이야?,(1캔)(240ml)당 - 칼로리: 65kcal | 지방: 0.00g | 탄수화물: 16.00g | 단백질: 0.00g,1
콘샐러드의 칼로리는 몇이야?,(1인분)당 - 칼로리: 160kcal | 지방: 8.35g | 탄수화물: 21.81g | 단백질: 2.55g,1
콜드 포도주스의 칼로리는 몇이야?,100ml당 - 칼로리: 60kcal | 지방: 0.00g | 탄수화물: 15.00g | 단백질: 0.00g,1
콜라 (200ml)의 칼로리는 몇이야?,(1컵) (200ml)당 - 칼로리: 92kcal | 지방: 0.00g | 탄수화물: 23.00g | 단백질: 0.00g,1
콜라 (355ml)의 칼로리는 몇이야?,1잔 (355ml)당 - 칼로리: 152kcal | 지방: 0.00g | 탄수화물: 38.00g | 단백질: 0.00g,1
콜라 소다의 칼로리는 몇이야?,1 캔 355 ml당 - 칼로리: 136kcal | 지방: 0.07g | 탄수화물: 35.18g | 단백질: 0.26g,1
콜라 제로의 칼로리는 몇이야?,(1캔)(250ml)당 - 칼로리: 0kcal | 지방: 0.00g | 탄수화물: 0.00g | 단백질: 0.00g,1
콜롬비아 마일드의 칼로리는 몇이야?,(1인분)  (320ml)당 - 칼로리: 10kcal | 지방: 0.00g | 탄수화물: 1.00g | 단백질: 0.00g,1
콤부차의 칼로리는 몇이야?,(1인분)  (315ml)당 - 칼로리: 69kcal | 지방: 0.00g | 탄수화물: 6.00g | 단백질: 0.00g,1
콤비네이션피자의 칼로리는 몇이야?,2조각 (176g)당 - 칼로리: 485kcal | 지방: 10.00g | 탄수화물: 74.00g | 단백질: 28.00g,1
콩자반의 칼로리는 몇이야?,(1인분)당 - 칼로리: 95kcal | 지방: 0.41g | 탄수화물: 18.17g | 단백질: 5.34g,1
쿨피스 복숭아의 칼로리는 몇이야?,(1인분)  (450ml)당 - 칼로리: 170kcal | 지방: 0.00g | 탄수화물: 41.00g | 단백질: 1.00g,1
크라비아의 칼로리는 몇이야?,1팩 (4개) (80g)당 - 칼로리: 80kcal | 지방: 1.10g | 탄수화물: 8.00g | 단백질: 9.00g,1
크래미의 칼로리는 몇이야?,(1인분)  (90g)당 - 칼로리: 80kcal | 지방: 0.00g | 탄수화물: 10.00g | 단백질: 9.00g,1
크랜베리의 칼로리는 몇이야?,(100g)  당 - 칼로리: 46kcal | 지방: 0.13g | 탄수화물: 12.2g | 단백질: 0.39g,1
크리스피 와플의 칼로리는 몇이야?,2봉지 (36g)당 - 칼로리: 175kcal | 지방: 7.00g | 탄수화물: 25.00g | 단백질: 3.00g,1
클라우드 클리어 제로의 칼로리는 몇이야?,(1캔)(350ml)당 - 칼로리: 30kcal | 지방: 0.00g | 탄수화물: 7.00g | 단백질: 0.00g,1
키안티 와인의 칼로리는 몇이야?,1 150ml 잔당 - 칼로리: 124kcal | 지방: 0.00g | 탄수화물: 4.01g | 단백질: 0.10g,1
키위 열매의 칼로리는 몇이야?,(1개)당 - 칼로리: 46kcal | 지방: 0.40g | 탄수화물: 11.14g | 단백질: 0.87g,1
키조개의 칼로리는 몇이야?,(100g)  당 - 칼로리: 57kcal | 지방: 0.83g | 탄수화물: 0.87g | 단백질: 10.79g,1
킨사이다의 칼로리는 몇이야?,(1인분)  (250ml)당 - 칼로리: 108kcal | 지방: 0.00g | 탄수화물: 27.00g | 단백질: 0.00g,1
킹크랩의 칼로리는 몇이야?,(100g)  당 - 칼로리: 84kcal | 지방: 0.6g | 탄수화물: 0.0g | 단백질: 18.29g,1
타코야끼의 칼로리는 몇이야?,(1개)당 - 칼로리: 29kcal | 지방: 0.63g | 탄수화물: 4.28g | 단백질: 1.30g,1
탄산수의 칼로리는 몇이야?,100 ml  당 - 칼로리: 0kcal | 지방: 0.00g | 탄수화물: 0.00g | 단백질: 0.00g,1
탄젤로의 칼로리는 몇이야?,(1개) 작은것당 - 칼로리: 32kcal | 지방: 0.08g | 탄수화물: 7.99g | 단백질: 0.64g,1
태양의 마테차의 칼로리는 몇이야?,100ml당 - 칼로리: 0kcal | 지방: 0.00g | 탄수화물: 0.00g | 단백질: 0.00g,1
태평양 대구의 칼로리는 몇이야?,(100g)  당 - 칼로리: 82kcal | 지방: 0.63g | 탄수화물: 0.0g | 단백질: 17.9g,1
텐신동의 칼로리는 몇이야?,(1인분)당 - 칼로리: 429kcal | 지방: 22.97g | 탄수화물: 24.54g | 단백질: 27.86g,1
토닉 워터의 칼로리는 몇이야?,1 캔 또는 병 (350 ml)당 - 칼로리: 124kcal | 지방: 0.00g | 탄수화물: 32.21g | 단백질: 0.00g,1
토레타의 칼로리는 몇이야?,(1컵) (340ml)당 - 칼로리: 58kcal | 지방: 0.00g | 탄수화물: 14.00g | 단백질: 0.50g,1
토마토 소스한 정어리의 칼로리는 몇이야?,(1컵)당 - 칼로리: 166kcal | 지방: 9.31g | 탄수화물: 0.66g | 단백질: 18.57g,1
토마토주스의 칼로리는 몇이야?,1병 (180ml)당 - 칼로리: 92kcal | 지방: 0.00g | 탄수화물: 22.00g | 단백질: 1.00g,1
통조림 게의 칼로리는 몇이야?,(100g)  당 - 칼로리: 99kcal | 지방: 1.23g | 탄수화물: 0.0g | 단백질: 20.52g,1
통조림 참치의 칼로리는 몇이야?,(100g)  당 - 칼로리: 116kcal | 지방: 0.82g | 탄수화물: 0.0g | 단백질: 25.51g,1
통통하게의 칼로리는 몇이야?,(1인분)  (80g)당 - 칼로리: 75kcal | 지방: 0.00g | 탄수화물: 10.00g | 단백질: 9.00g,1
트레비 라임의 칼로리는 몇이야?,1회 (300ml)당 - 칼로리: 0kcal | 지방: 0.00g | 탄수화물: 0.00g | 단백질: 0.00g,1
트레비 자몽의 칼로리는 몇이야?,1병 (500ml)당 - 칼로리: 0kcal | 지방: 0.00g | 탄수화물: 0.00g | 단백질: 0.00g,1
트로피칼 후룻샐러드의 칼로리는 몇이야?,1팩 (115g)당 - 칼로리: 66kcal | 지방: 0.20g | 탄수화물: 15.50g | 단백질: 0.60g,1
트리플스트롱 에스프레소라떼의 칼로리는 몇이야?,(1컵) (300ml)당 - 칼로리: 185kcal | 지방: 8.00g | 탄수화물: 22.00g | 단백질: 6.00g,1
트위스터 백포도 복숭아의 칼로리는 몇이야?,(1캔)(175ml)당 - 칼로리: 65kcal | 지방: 0.00g | 탄수화물: 16.00g | 단백질: 0.00g,1
티즐 유자 그린티의 칼로리는 몇이야?,(1인분)  (500ml)당 - 칼로리: 200kcal | 지방: 0.00g | 탄수화물: 50.00g | 단백질: 0.00g,1
티즐 피치 우롱티의 칼로리는 몇이야?,(1인분)  (500ml)당 - 칼로리: 192kcal | 지방: 0.00g | 탄수화물: 48.00g | 단백질: 0.00g,1
티즐의 칼로리는 몇이야?,(1인분)  (500ml)당 - 칼로리: 192kcal | 지방: 0.00g | 탄수화물: 48.00g | 단백질: 0.00g,1
파래무침의 칼로리는 몇이야?,1 소접시당 - 칼로리: 29kcal | 지방: 0.61g | 탄수화물: 4.16g | 단백질: 3.44g,1
파워에이드 스파클링의 칼로리는 몇이야?,(1인분)  (355ml)당 - 칼로리: 60kcal | 지방: 0.00g | 탄수화물: 14.00g | 단백질: 1.00g,1
파워에이드 에너지펀치의 칼로리는 몇이야?,(1컵) (200ml)당 - 칼로리: 24kcal | 지방: 0.00g | 탄수화물: 6.00g | 단백질: 0.00g,1
파워오투 아이스베리향의 칼로리는 몇이야?,(1인분)  (500ml)당 - 칼로리: 88kcal | 지방: 0.00g | 탄수화물: 21.00g | 단백질: 0.00g,1
파워오투 애플키위향의 칼로리는 몇이야?,(1인분)  (500ml)당 - 칼로리: 78kcal | 지방: 0.00g | 탄수화물: 19.00g | 단백질: 0.00g,1
파워오투 오렌지 레몬향의 칼로리는 몇이야?,(1인분)  (500ml)당 - 칼로리: 89kcal | 지방: 0.00g | 탄수화물: 21.00g | 단백질: 0.00g,1
파파야의 칼로리는 몇이야?,(100g)  당 - 칼로리: 39kcal | 지방: 0.14g | 탄수화물: 9.81g | 단백질: 0.61g,1
팔보채의 칼로리는 몇이야?,(1인분)당 - 칼로리: 290kcal | 지방: 12.92g | 탄수화물: 16.91g | 단백질: 27.35g,1
팔팔 오디의 칼로리는 몇이야?,(1인분)  (354ml)당 - 칼로리: 134kcal | 지방: 0.20g | 탄수화물: 30.00g | 단백질: 1.00g,1
패밀리검은콩선식의 칼로리는 몇이야?,1회 (30g)당 - 칼로리: 119kcal | 지방: 1.00g | 탄수화물: 24.00g | 단백질: 4.00g,1
패션후르츠의 칼로리는 몇이야?,(100g)  당 - 칼로리: 97kcal | 지방: 0.7g | 탄수화물: 23.38g | 단백질: 2.2g,1
펀치 애플홀릭의 칼로리는 몇이야?,1병 (400ml)당 - 칼로리: 192kcal | 지방: 0.00g | 탄수화물: 48.00g | 단백질: 0.00g,1
펄프에이드 자몽의 칼로리는 몇이야?,1잔 (360ml)당 - 칼로리: 155kcal | 지방: 0.00g | 탄수화물: 39.00g | 단백질: 0.00g,1
페스츄리 와플의 칼로리는 몇이야?,1개 (41g)당 - 칼로리: 153kcal | 지방: 3.00g | 탄수화물: 5.00g | 단백질: 3.00g,1
페퍼 그릴 닭가슴살의 칼로리는 몇이야?,(100g)당 - 칼로리: 110kcal | 지방: 2.40g | 탄수화물: 1.00g | 단백질: 21.00g,1
페퍼 닭가슴살의 칼로리는 몇이야?,(100g)당 - 칼로리: 122kcal | 지방: 1.80g | 탄수화물: 0.80g | 단백질: 26.00g,1
페퍼 로니의 칼로리는 몇이야?,1 슬라이스당 - 칼로리: 26kcal | 지방: 2.22g | 탄수화물: 0.22g | 단백질: 1.12g,1
페퍼 스테이크 피자의 칼로리는 몇이야?,(1인분)  (120g)당 - 칼로리: 301kcal | 지방: 10.00g | 탄수화물: 37.00g | 단백질: 16.00g,1
페퍼 잭 치즈의 칼로리는 몇이야?,(100g)당 - 칼로리: 375kcal | 지방: 31.00g | 탄수화물: 2.00g | 단백질: 22.00g,1
페퍼로니피자의 칼로리는 몇이야?,2조각 (140g)당 - 칼로리: 445kcal | 지방: 20.00g | 탄수화물: 56.00g | 단백질: 34.00g,1
페퍼소다의 칼로리는 몇이야?,1 캔 355 ml당 - 칼로리: 4kcal | 지방: 0.00g | 탄수화물: 0.53g | 단백질: 0.43g,1
포도의 칼로리는 몇이야?,1 알 씨없음당 - 칼로리: 3kcal | 지방: 0.01g | 탄수화물: 0.90g | 단백질: 0.04g,1
포차참치 베이컨김치볶음의 칼로리는 몇이야?,(100g)당 - 칼로리: 165kcal | 지방: 7.00g | 탄수화물: 7.00g | 단백질: 19.00g,1
포카리스웨트 (250ml)의 칼로리는 몇이야?,1회 (250ml)당 - 칼로리: 65kcal | 지방: 0.00g | 탄수화물: 15.00g | 단백질: 0.00g,1
포카리스웨트 분말의 칼로리는 몇이야?,(1컵) (11g)당 - 칼로리: 40kcal | 지방: 0.00g | 탄수화물: 10.00g | 단백질: 0.00g,1
포테이토 피자의 칼로리는 몇이야?,2조각 (182g)당 - 칼로리: 455kcal | 지방: 10.00g | 탄수화물: 64.00g | 단백질: 30.00g,1
폼펠모의 칼로리는 몇이야?,(1캔)(330ml)당 - 칼로리: 137kcal | 지방: 1.00g | 탄수화물: 31.00g | 단백질: 1.00g,1
푸룬의 칼로리는 몇이야?,(1개)당 - 칼로리: 20kcal | 지방: 0.03g | 탄수화물: 5.37g | 단백질: 0.18g,1
푸룬주스의 칼로리는 몇이야?,(1인분)  (200ml)당 - 칼로리: 138kcal | 지방: 0.00g | 탄수화물: 33.60g | 단백질: 1.00g,1
풋사과의 칼로리는 몇이야?,(1개)당 - 칼로리: 73kcal | 지방: 0.24g | 탄수화물: 19.30g | 단백질: 0.36g,1
퓨어씨드 과즙젤리 사과의 칼로리는 몇이야?,(100g)당 - 칼로리: 23kcal | 지방: 0.00g | 탄수화물: 16.00g | 단백질: 0.00g,1
퓨어씨드 과즙젤리 트로피컬의 칼로리는 몇이야?,(100g)당 - 칼로리: 21kcal | 지방: 0.00g | 탄수화물: 16.00g | 단백질: 0.00g,1
퓨어씨드 과즙젤리 푸룬의 칼로리는 몇이야?,(100g)당 - 칼로리: 25kcal | 지방: 0.00g | 탄수화물: 18.00g | 단백질: 0.00g,1
퓨어주스 포도100%의 칼로리는 몇이야?,(1인분)  (190ml)당 - 칼로리: 90kcal | 지방: 0.00g | 탄수화물: 23.00g | 단백질: 0.00g,1
프로틴 와퍼의 칼로리는 몇이야?,1회 (42g)당 - 칼로리: 195kcal | 지방: 9.00g | 탄수화물: 13.00g | 단백질: 15.00g,1
프리미어프로틴의 칼로리는 몇이야?,1회 (325ml)당 - 칼로리: 170kcal | 지방: 3.00g | 탄수화물: 6.00g | 단백질: 30.00g,1
프리미엄 포도 Ca의 칼로리는 몇이야?,(1컵) (200ml)당 - 칼로리: 116kcal | 지방: 0.00g | 탄수화물: 29.00g | 단백질: 0.00g,1
프리미엄 포도주스100의 칼로리는 몇이야?,1병 (180ml)당 - 칼로리: 100kcal | 지방: 0.00g | 탄수화물: 25.00g | 단백질: 1.00g,1
프리미엄 훼미리 사과쥬스의 칼로리는 몇이야?,1병 (180ml)당 - 칼로리: 88kcal | 지방: 0.00g | 탄수화물: 22.00g | 단백질: 0.00g,1
플레인 와플의 칼로리는 몇이야?,(1인분) 당 - 칼로리: 327kcal | 지방: 9.00g | 탄수화물: 21.00g | 단백질: 3.00g,1
피나콜라다의 칼로리는 몇이야?,1회 (350ml)당 - 칼로리: 132kcal | 지방: 0.00g | 탄수화물: 33.00g | 단백질: 0.00g,1
피노 누아 와인의 칼로리는 몇이야?,1 150ml 잔당 - 칼로리: 122kcal | 지방: 0.00g | 탄수화물: 3.40g | 단백질: 0.10g,1
피노 블랑 와인의 칼로리는 몇이야?,1 150ml 잔당 - 칼로리: 121kcal | 지방: 0.00g | 탄수화물: 2.85g | 단백질: 0.10g,1
피뿔고둥의 칼로리는 몇이야?,(100g)당 - 칼로리: 105kcal | 지방: 0.20g | 탄수화물: 8.00g | 단백질: 17.90g,1
피조개의 칼로리는 몇이야?,(100g)  당 - 칼로리: 76kcal | 지방: 1.11g | 탄수화물: 1.17g | 단백질: 14.46g,1
피치우롱티의 칼로리는 몇이야?,(1인분)  (500ml)당 - 칼로리: 192kcal | 지방: 0.00g | 탄수화물: 48.00g | 단백질: 0.00g,1
핑크 레모네이드의 칼로리는 몇이야?,(1컵)당 - 칼로리: 99kcal | 지방: 0.00g | 탄수화물: 25.94g | 단백질: 0.25g,1
핑크 레이디 사과의 칼로리는 몇이야?,(1개) 중간크기당 - 칼로리: 72kcal | 지방: 0.23g | 탄수화물: 19.06g | 단백질: 0.36g,1
하늘보리의 칼로리는 몇이야?,1병 (500ml)당 - 칼로리: 59kcal | 지방: 0.00g | 탄수화물: 14.00g | 단백질: 0.00g,1
하트비트의 칼로리는 몇이야?,1회 (250ml)당 - 칼로리: 70kcal | 지방: 0.00g | 탄수화물: 18.00g | 단백질: 0.00g,1
한라봉의 칼로리는 몇이야?,(1개) 중간크기당 - 칼로리: 120kcal | 지방: 0.70g | 탄수화물: 30.09g | 단백질: 1.83g,1
한치의 칼로리는 몇이야?,(100g)  당 - 칼로리: 88kcal | 지방: 1.31g | 탄수화물: 2.93g | 단백질: 14.84g,1
핫식스 (355ml)의 칼로리는 몇이야?,(1캔)(355ml)당 - 칼로리: 175kcal | 지방: 0.00g | 탄수화물: 43.00g | 단백질: 0.00g,1
핫식스 자몽의 칼로리는 몇이야?,(1캔)(250ml)당 - 칼로리: 115kcal | 지방: 0.00g | 탄수화물: 29.00g | 단백질: 0.00g,1
핫식스더킹포스의 칼로리는 몇이야?,(1캔)(330ml)당 - 칼로리: 13kcal | 지방: 1.00g | 탄수화물: 1.00g | 단백질: 0.00g,1
핫치킨피자의 칼로리는 몇이야?,2조각 (178g)당 - 칼로리: 435kcal | 지방: 8.20g | 탄수화물: 60.00g | 단백질: 21.00g,1
해덕 반죽튀김의 칼로리는 몇이야?,(100g)  당 - 칼로리: 178kcal | 지방: 8.07g | 탄수화물: 6.94g | 단백질: 18.32g,1
해덕구이의 칼로리는 몇이야?,1 쪽 필렛당 - 칼로리: 197kcal | 지방: 5.71g | 탄수화물: 0.74g | 단백질: 34.00g,1
해덕의 칼로리는 몇이야?,(100g)  당 - 칼로리: 128kcal | 지방: 3.71g | 탄수화물: 0.48g | 단백질: 22.08g,1
해물 곤약 누룽지탕의 칼로리는 몇이야?,(1인분)  (270g)당 - 칼로리: 145kcal | 지방: 1.60g | 탄수화물: 29.00g | 단백질: 4.00g,1
해물덮밥의 칼로리는 몇이야?,(1인분)당 - 칼로리: 561kcal | 지방: 6.84g | 탄수화물: 93.63g | 단백질: 29.93g,1
해물뚝배기의 칼로리는 몇이야?,(1인분)당 - 칼로리: 178kcal | 지방: 3.02g | 탄수화물: 9.14g | 단백질: 26.94g,1
해물찜의 칼로리는 몇이야?,(1인분)당 - 칼로리: 269kcal | 지방: 11.52g | 탄수화물: 17.84g | 단백질: 23.70g,1
해물탕의 칼로리는 몇이야?,1 대접당 - 칼로리: 80kcal | 지방: 1.54g | 탄수화물: 4.29g | 단백질: 11.89g,1
해물파전의 칼로리는 몇이야?,1 소접시당 - 칼로리: 240kcal | 지방: 9.82g | 탄수화물: 24.54g | 단백질: 13.20g,1
해산물 파에리아의 칼로리는 몇이야?,(1컵)당 - 칼로리: 343kcal | 지방: 10.63g | 탄수화물: 39.60g | 단백질: 20.57g,1
해산물 팟타이의 칼로리는 몇이야?,(1인분) 당 - 칼로리: 340kcal | 지방: 0.00g | 탄수화물: 0.00g | 단백질: 0.00g,1
해삼의 칼로리는 몇이야?,(100g)  당 - 칼로리: 15kcal | 지방: 0.09g | 탄수화물: 0.68g | 단백질: 2.86g,1
해파리냉채의 칼로리는 몇이야?,1 소접시당 - 칼로리: 53kcal | 지방: 1.72g | 탄수화물: 3.03g | 단백질: 6.57g,1
해파리의 칼로리는 몇이야?,(1컵)당 - 칼로리: 21kcal | 지방: 0.81g | 탄수화물: 0.00g | 단백질: 3.19g,1
허니 유자의 칼로리는 몇이야?,1병 (280ml)당 - 칼로리: 140kcal | 지방: 0.00g | 탄수화물: 35.00g | 단백질: 0.00g,1
허니&유자 비타민C의 칼로리는 몇이야?,(1인분)  (140ml)당 - 칼로리: 75kcal | 지방: 0.00g | 탄수화물: 19.00g | 단백질: 0.00g,1
허니레몬배의 칼로리는 몇이야?,(1인분)  (280ml)당 - 칼로리: 150kcal | 지방: 0.00g | 탄수화물: 38.00g | 단백질: 0.00g,1
허니유자의 칼로리는 몇이야?,1회 (280ml)당 - 칼로리: 140kcal | 지방: 0.00g | 탄수화물: 35.00g | 단백질: 0.00g,1
헛개파워의 칼로리는 몇이야?,100ml당 - 칼로리: 70kcal | 지방: 0.00g | 탄수화물: 18.00g | 단백질: 0.00g,1
헬로 팬돌이 블루의 칼로리는 몇이야?,(1인분)  (280ml)당 - 칼로리: 64kcal | 지방: 0.00g | 탄수화물: 16.00g | 단백질: 0.00g,1
현미밥의 칼로리는 몇이야?,1 공기당 - 칼로리: 321kcal | 지방: 1.53g | 탄수화물: 68.95g | 단백질: 6.30g,1
호박나물의 칼로리는 몇이야?,1 소접시당 - 칼로리: 20kcal | 지방: 0.54g | 탄수화물: 4.00g | 단백질: 0.58g,1
호박부침개의 칼로리는 몇이야?,(1인분)당 - 칼로리: 190kcal | 지방: 6.84g | 탄수화물: 26.18g | 단백질: 6.69g,1
호박전의 칼로리는 몇이야?,1 소접시당 - 칼로리: 90kcal | 지방: 6.41g | 탄수화물: 6.33g | 단백질: 2.24g,1
호분구이의 칼로리는 몇이야?,(100g)  당 - 칼로리: 132kcal | 지방: 4.38g | 탄수화물: 0.41g | 단백질: 21.38g,1
호분의 칼로리는 몇이야?,(100g)  당 - 칼로리: 132kcal | 지방: 4.38g | 탄수화물: 0.41g | 단백질: 21.38g,1
홈스타일 오렌지의 칼로리는 몇이야?,1병 (300ml)당 - 칼로리: 144kcal | 지방: 0.00g | 탄수화물: 34.00g | 단백질: 2.00g,1
홈스타일 청포도의 칼로리는 몇이야?,1회 (300ml)당 - 칼로리: 120kcal | 지방: 0.00g | 탄수화물: 30.00g | 단백질: 0.00g,1
홍게의 칼로리는 몇이야?,(100g)  당 - 칼로리: 49kcal | 지방: 0.48g | 탄수화물: 0.01g | 단백질: 10.39g,1
홍시의 칼로리는 몇이야?,(1개)당 - 칼로리: 66kcal | 지방: 0.18g | 탄수화물: 17.54g | 단백질: 0.55g,1
홍어의 칼로리는 몇이야?,(100g)  당 - 칼로리: 87kcal | 지방: 0.73g | 탄수화물: 0g | 단백질: 18.95g,1
홍어회무침의 칼로리는 몇이야?,1 소접시당 - 칼로리: 139kcal | 지방: 3.37g | 탄수화물: 9.14g | 단백질: 19.70g,1
홍연어의 칼로리는 몇이야?,(100g)  당 - 칼로리: 168kcal | 지방: 8.56g | 탄수화물: 0.0g | 단백질: 21.3g,1
홍초 풋사과의 칼로리는 몇이야?,(1컵) (38ml)당 - 칼로리: 45kcal | 지방: 0.00g | 탄수화물: 11.00g | 단백질: 0.50g,1
홍합 요리의 칼로리는 몇이야?,1당 - 칼로리: 12kcal | 지방: 0.66g | 탄수화물: 0.35g | 단백질: 1.10g,1
홍합의 칼로리는 몇이야?,(1개) 작은것당 - 칼로리: 9kcal | 지방: 0.22g | 탄수화물: 0.37g | 단백질: 1.19g,1
화이트 식사용 와인의 칼로리는 몇이야?,1 150ml 잔당 - 칼로리: 122kcal | 지방: 0.00g | 탄수화물: 3.82g | 단백질: 0.10g,1
화이트그레이프의 칼로리는 몇이야?,(1캔)(355ml)당 - 칼로리: 176kcal | 지방: 0.00g | 탄수화물: 44.00g | 단백질: 0.00g,1
화이트크림오븐스파게티의 칼로리는 몇이야?,1그릇 (370g)당 - 칼로리: 655kcal | 지방: 29.00g | 탄수화물: 73.00g | 단백질: 26.00g,1
환타 레몬의 칼로리는 몇이야?,(1캔)(335ml)당 - 칼로리: 172kcal | 지방: 0.00g | 탄수화물: 43.00g | 단백질: 0.00g,1
환타 오렌지의 칼로리는 몇이야?,(1인분)  (355ml)당 - 칼로리: 156kcal | 지방: 0.00g | 탄수화물: 39.00g | 단백질: 0.00g,1
환타 파인애플의 칼로리는 몇이야?,(1캔)(355ml)당 - 칼로리: 192kcal | 지방: 0.00g | 탄수화물: 48.00g | 단백질: 0.00g,1
환타 포도향의 칼로리는 몇이야?,(1캔)(355ml)당 - 칼로리: 112kcal | 지방: 0.00g | 탄수화물: 28.00g | 단백질: 0.00g,1
환타의 칼로리는 몇이야?,(1캔)(250ml)당 - 칼로리: 136kcal | 지방: 0.00g | 탄수화물: 34.00g | 단백질: 0.00g,1
활력비타의 칼로리는 몇이야?,(1인분)  (100ml)당 - 칼로리: 110kcal | 지방: 0.00g | 탄수화물: 27.00g | 단백질: 0.00g,1
황금보리의 칼로리는 몇이야?,100ml당 - 칼로리: 0kcal | 지방: 0.00g | 탄수화물: 0.00g | 단백질: 0.00g,1
황남빵의 칼로리는 몇이야?,(1개)당 - 칼로리: 97kcal | 지방: 0.77g | 탄수화물: 19.72g | 단백질: 2.81g,1
황다랑어 통살 참치의 칼로리는 몇이야?,(100g)당 - 칼로리: 187kcal | 지방: 11.00g | 탄수화물: 2.00g | 단백질: 20.00g,1
황다랑어의 칼로리는 몇이야?,(100g)  당 - 칼로리: 108kcal | 지방: 0.95g | 탄수화물: 0.0g | 단백질: 23.38g,1
황도복숭아의 칼로리는 몇이야?,(100g)당 - 칼로리: 26kcal | 지방: 0.20g | 탄수화물: 1.20g | 단백질: 0.90g,1
황새치 요리의 칼로리는 몇이야?,(100g)  당 - 칼로리: 177kcal | 지방: 8.23g | 탄수화물: 0.49g | 단백질: 23.80g,1
황새치의 칼로리는 몇이야?,1 조각당 - 칼로리: 165kcal | 지방: 5.45g | 탄수화물: 0.00g | 단백질: 26.93g,1
황태구이의 칼로리는 몇이야?,(1인분)당 - 칼로리: 587kcal | 지방: 26.96g | 탄수화물: 12.16g | 단백질: 73.37g,1
황태채의 칼로리는 몇이야?,(100g)당 - 칼로리: 378kcal | 지방: 3.60g | 탄수화물: 0.00g | 단백질: 79.50g,1
황태포의 칼로리는 몇이야?,(100g)당 - 칼로리: 377kcal | 지방: 3.80g | 탄수화물: 0.00g | 단백질: 80.30g,1
회덮밥의 칼로리는 몇이야?,(1인분)당 - 칼로리: 465kcal | 지방: 10.12g | 탄수화물: 53.36g | 단백질: 40.45g,1
회의 칼로리는 몇이야?,(1인분)당 - 칼로리: 191kcal | 지방: 5.40g | 탄수화물: 0.00g | 단백질: 33.36g,1
후레쉬c의 칼로리는 몇이야?,1/2캔 (120ml)당 - 칼로리: 28kcal | 지방: 0.00g | 탄수화물: 7.00g | 단백질: 0.00g,1
후룻&넛츠 레드의 칼로리는 몇이야?,(1인분)  (15g)당 - 칼로리: 75kcal | 지방: 4.40g | 탄수화물: 7.00g | 단백질: 2.00g,1
후룻바틀 황도의 칼로리는 몇이야?,1회 (55g)당 - 칼로리: 36kcal | 지방: 0.00g | 탄수화물: 9.00g | 단백질: 0.00g,1
후룻볼 자몽의 칼로리는 몇이야?,1/4컵 (55g)당 - 칼로리: 35kcal | 지방: 0.00g | 탄수화물: 9.00g | 단백질: 0.00g,1
후르티아 오젤리-황도의 칼로리는 몇이야?,1회 (110g)당 - 칼로리: 70kcal | 지방: 0.00g | 탄수화물: 18.00g | 단백질: 0.00g,1
후지 사과의 칼로리는 몇이야?,(1개) 대형당 - 칼로리: 109kcal | 지방: 0.36g | 탄수화물: 29.27g | 단백질: 0.56g,1
훈제 닭가슴살 페퍼의 칼로리는 몇이야?,(100g)당 - 칼로리: 112kcal | 지방: 1.30g | 탄수화물: 2.00g | 단백질: 23.00g,1
훈제 연어의 칼로리는 몇이야?,1 조각당 - 칼로리: 23kcal | 지방: 0.86g | 탄수화물: 0.00g | 단백질: 3.66g,1
훈제 치누크 연어의 칼로리는 몇이야?,(100g)  당 - 칼로리: 117kcal | 지방: 4.32g | 탄수화물: 0.0g | 단백질: 18.28g,1
훼미리 매실의 칼로리는 몇이야?,1회 (180ml)당 - 칼로리: 96kcal | 지방: 0.00g | 탄수화물: 24.00g | 단백질: 0.00g,1
훼미리 알로에의 칼로리는 몇이야?,1병 (180ml)당 - 칼로리: 80kcal | 지방: 0.00g | 탄수화물: 20.00g | 단백질: 0.00g,1
훼미리 오렌지의 칼로리는 몇이야?,1병 (180ml)당 - 칼로리: 65kcal | 지방: 0.00g | 탄수화물: 14.00g | 단백질: 1.00g,1
훼미리 홍시의 칼로리는 몇이야?,1병 (180ml)당 - 칼로리: 108kcal | 지방: 0.00g | 탄수화물: 27.00g | 단백질: 0.00g,1
흑돼지 두루치기의 칼로리는 몇이야?,(1인분)  (475g)당 - 칼로리: 804kcal | 지방: 24.00g | 탄수화물: 119.00g | 단백질: 28.00g,1
흔들어먹는 환타 젤리소다의 칼로리는 몇이야?,1회 (185ml)당 - 칼로리: 116kcal | 지방: 0.00g | 탄수화물: 29.00g | 단백질: 0.00g,1
흰살참치의 칼로리는 몇이야?,1 캔당 - 칼로리: 220kcal | 지방: 5.11g | 탄수화물: 0.00g | 단백질: 40.63g,1
힌트의 칼로리는 몇이야?,1패트 (450ml)당 - 칼로리: 44kcal | 지방: 0.00g | 탄수화물: 11.00g | 단백질: 0.00g,1
